Item Number,Category,Category Cost Code,Costing Item,Quantity,UOM,Cost (ex.),Cost Type,Cost Code,Markup (%),Allowance Type (PC/PS),GST Free (Yes/No),Note,SKU
1.1,SITE PRELIMINARIES,SITE PRELIMINARIES,Insurances,0,qty,0,,,0,,No,Based on Contract Value by %,
1.1.1,SITE PRELIMINARIES,SITE PRELIMINARIES,QBCC Insurance Based on Contract Value,1,qty,0,Supplier,,,,,,
1.1.2,SITE PRELIMINARIES,SITE PRELIMINARIES,Public Liability & Contract works Insurance,1,qty,0,Supplier,,,,,,
1.1.3,SITE PRELIMINARIES,SITE PRELIMINARIES,Portable Long Service and WHS Levies,1,qty,0,Supplier,,,,,,
1.2,SITE PRELIMINARIES,SITE PRELIMINARIES,Site Personnel - supervision only,0,qty,0,,,0,,No,Per week Calculation,
1.2.1,SITE PRELIMINARIES,SITE PRELIMINARIES,Foreman (additional to Carpentry),0,qty,1000,General Labour,,,,,,
1.2.2,SITE PRELIMINARIES,SITE PRELIMINARIES,Labourer (additional to Carpentry),0,qty,160,General Labour,,,,,,
1.3,SITE PRELIMINARIES,SITE PRELIMINARIES,Site Accommodation,0,qty,0,,,0,,No,"Toilet, site shed Ect",
1.3.1,SITE PRELIMINARIES,SITE PRELIMINARIES,Single chemical pan toilet Pick up and Delivery,0,qty,80,Supplier,,,,,,
1.3.2,SITE PRELIMINARIES,SITE PRELIMINARIES,"Single chemical pan toilet including, pump out and cleaning, per week",0,qty,44,Supplier,,,,,,
1.3.3,SITE PRELIMINARIES,SITE PRELIMINARIES,Shipping Container,0,qty,0,Supplier,,,,,,
1.4,SITE PRELIMINARIES,SITE PRELIMINARIES,Site Electrical Services,0,qty,0,,,0,,No,Property pole and power account consumption if required,
1.4.1,SITE PRELIMINARIES,SITE PRELIMINARIES,Electricity connection fee & temporary pole (min 24 week hire),0,qty,600,Sub Contractor,,,,,,
1.4.2,SITE PRELIMINARIES,SITE PRELIMINARIES,Electrical consumption,0,qty,15,Supplier,,,,,,
1.5,SITE PRELIMINARIES,SITE PRELIMINARIES,Site Hydraulic Services,0,qty,0,,,0,,No,If required temp sewer and water connection,
1.5.1,SITE PRELIMINARIES,SITE PRELIMINARIES,Temporary sewer costs,0,qty,0,Sub Contractor,,,,,,
1.5.2,SITE PRELIMINARIES,SITE PRELIMINARIES,Temporary water costs,0,qty,0,Sub Contractor,,,,,,
1.6,SITE PRELIMINARIES,SITE PRELIMINARIES,Public Protection,0,qty,460,,,0,,No,"Signage, Fencing, silt barrier, Crossover concrete",
1.6.1,SITE PRELIMINARIES,SITE PRELIMINARIES,Builders Site sign,1,qty,60,Supplier,,,,,,
1.6.2,SITE PRELIMINARIES,SITE PRELIMINARIES,OHS Sign Hazard Co,1,qty,380,Supplier,,,,,,
1.6.3,SITE PRELIMINARIES,SITE PRELIMINARIES,"Site fence erect, hire and dismantle",1,qty,0,General Labour,,,,,,
1.6.4,SITE PRELIMINARIES,SITE PRELIMINARIES,Site fence hire per LM per week,1,lm,20,Reebuild Hire/Equipment ,,,,,,
1.6.5,SITE PRELIMINARIES,SITE PRELIMINARIES,Silt fence,0,lm,30,Supplier,,,,,,
1.6.6,SITE PRELIMINARIES,SITE PRELIMINARIES,Spalls for temporary crossover,0,qty,400,Sub Contractor,,,,,,
1.7,SITE PRELIMINARIES,SITE PRELIMINARIES,Cranage and hoisting (additional to steelwork),0,qty,0,,,0,,No,Cranage,
1.7.1,SITE PRELIMINARIES,SITE PRELIMINARIES,"Mobile cranage - Frame, Flooring, Roofing?",0,lm,0,Sub Contractor,,,,,,
1.8,SITE PRELIMINARIES,SITE PRELIMINARIES,Surveying and Setting Out,0,qty,0,,,0,,No,,
1.8.1,SITE PRELIMINARIES,SITE PRELIMINARIES,Surveying (pursuant to full review of the BA conditions),1,qty,0,Sub Contractor,,,,,,
1.9,SITE PRELIMINARIES,SITE PRELIMINARIES,Professional fees,0,qty,0,,,0,,No,,
1.9.1,SITE PRELIMINARIES,SITE PRELIMINARIES,Structural engineer - per inspection only,0,qty,300,Sub Contractor,,,,,,
1.9.2,SITE PRELIMINARIES,SITE PRELIMINARIES,Certifier Per inspection only,0,qty,150,Sub Contractor,,,,,,
1.9.3,SITE PRELIMINARIES,SITE PRELIMINARIES,Certifier Quote/RFI costs,0,qty,0,Sub Contractor,,,,,,
1.10,SITE PRELIMINARIES,SITE PRELIMINARIES,Site Cleaning and waste,0,qty,0,,,0,,No,,
1.10.1,SITE PRELIMINARIES,SITE PRELIMINARIES,Builder's clean,0,m2,8,Sub Contractor,,,,,,
1.10.2,SITE PRELIMINARIES,SITE PRELIMINARIES,Site skips,0,qty,0,Labour,,,,,,
1.11,SITE PRELIMINARIES,SITE PRELIMINARIES,Handover Gift,1,qty,200,,,0,,No,,
1.11.1,SITE PRELIMINARIES,SITE PRELIMINARIES,Handover Gift,1,qty,200,Supplier,,,,,,
2.1,GROUNDWORKS,GROUNDWORKS,Site Clearance,0,qty,0,,,0,,No,Levelling of site if required,
2.1.1,GROUNDWORKS,GROUNDWORKS,"Plant, bobcat/ Excavator etc.",0,qty,0,Sub Contractor,,,,,,
2.1.2,GROUNDWORKS,GROUNDWORKS,Supervision of Machinery,0,qty,0,General Labour,,,,,,
2.2,GROUNDWORKS,GROUNDWORKS,Bulk Earthworks,0,qty,0,,,0,,No,,
2.2.1,GROUNDWORKS,GROUNDWORKS,"""Excavator/Machinary Hire for Bulk Excavation/Import Fill (0.2 Hours/m3) """,0,qty,0,Sub Contractor,,,,,,
2.2.2,GROUNDWORKS,GROUNDWORKS,Truck Hire for Removal of Bulk/Import Fill Excavation (0.1 Hours/m3),0,qty,0,Sub Contractor,,,,,,
2.2.3,GROUNDWORKS,GROUNDWORKS,Supervision of Machinery,0,qty,0,Labour,,,,,,
2.3,GROUNDWORKS,GROUNDWORKS,TRENCHING (PIERS),0,qty,0,,,0,,No,,
2.3.1,GROUNDWORKS,GROUNDWORKS,Excavator Hire for Trenching (Per Hour - 0.2/m3),0,lm,0,,,,,,,
2.3.2,GROUNDWORKS,GROUNDWORKS,Truck Hire for Spoil Removal (0.1/m3),0,qty,0,Sub Contractor,,,,,,
2.3.3,GROUNDWORKS,GROUNDWORKS,Supervision of Machinery,0,qty,0,General Labour,,,,,,
2.4,GROUNDWORKS,GROUNDWORKS,TRENCHING (FOOTINGS),0,qty,0,,,0,,No,,
2.4.1,GROUNDWORKS,GROUNDWORKS,Excavator Hire for Trenching (Per Hour - 0.2/m3),0,lm,0,Sub Contractor,,,,,,
2.4.2,GROUNDWORKS,GROUNDWORKS,Truck Hire for Spoil Removal (0.1/m3),0,qty,0,Sub Contractor,,,,,,
2.4.3,GROUNDWORKS,GROUNDWORKS,Supervision of Machinery,0,qty,0,General Labour,,,,,,
2.5,GROUNDWORKS,GROUNDWORKS,Back filling and compaction ,0,qty,0,,,0,,No,,
2.5.1,GROUNDWORKS,GROUNDWORKS,Machine Hire for Backfill,0,Hr,0,Sub Contractor,,,,,,
2.5.2,GROUNDWORKS,GROUNDWORKS,Supervision of Machine,0,qty,0,General Labour,,,,,,
2.6,GROUNDWORKS,GROUNDWORKS,RETAINING WALLS - DRAINAGE,0,qty,0,,,0,,No,,
2.6.1,GROUNDWORKS,GROUNDWORKS,Drainage Pipe - 90mm,0,lm,0,,,,,,,
2.6.2,GROUNDWORKS,GROUNDWORKS,'20mm Aggregate Gravel Backfill,0,qty,0,Labour,,,,,,
2.6.3,GROUNDWORKS,GROUNDWORKS,Delivery,0,qty,0,Labour,,,,,,
3.1,DEMOLITION,DEMOLITION,Internal Demo,1,qty,0,Carpentry Labour,,0,,No,,
3.2,DEMOLITION,DEMOLITION,External Demo,1,qty,0,Carpentry Labour,,0,,No,,
3.3,DEMOLITION,DEMOLITION,Asbestos Removal,1,qty,0,Sub Contractor,,0,,No,,
4.1,CONCRETE,CONCRETE,REINFORCING PIERS,0,qty,0,Supplier,,0,,No,,
4.1.1,CONCRETE,CONCRETE,Top Mesh,0,lm,0,Supplier,,,,,,
4.1.2,CONCRETE,CONCRETE,Trench Mesh - Internal Beam,0,lm,0,Supplier,,,,,,
4.1.3,CONCRETE,CONCRETE,Trench Mesh - Strip Footing,0,lm,0,Supplier,,,,,,
4.1.4,CONCRETE,CONCRETE,Rod Strip Footing,0,lm,0,Supplier,,,,,,
4.1.5,CONCRETE,CONCRETE,Horizontal bar,0,lm,0,Supplier,,,,,,
4.1.6,CONCRETE,CONCRETE,L10- Internal Beam,0,lm,0,Supplier,,,,,,
4.1.7,CONCRETE,CONCRETE,L10 - Strip Footing,0,lm,0,Supplier,,,,,,
4.1.8,CONCRETE,CONCRETE,Bar chairs - Slab Area - (bag of 100),0,lm,0,Supplier,,,,,,
4.1.9,CONCRETE,CONCRETE,Trench chairs,0,lm,0,Supplier,,,,,,
4.1.10,CONCRETE,CONCRETE,Tie Wire Bundles,0,lm,0,Supplier,,,,,,
4.1.11,CONCRETE,CONCRETE,Forticon (Plastic Membrane) - 6 x 33m roll,0,lm,0,Supplier,,,,,,
4.1.12,CONCRETE,CONCRETE,Duct Tape - 30m Roll,0,lm,0,Supplier,,,,,,
4.2,CONCRETE,CONCRETE,REINFORCING FOOTINGS,0,qty,0,Supplier,,0,,No,,
4.2.1,CONCRETE,CONCRETE,Top Mesh,0,lm,0,Supplier,,,,,,
4.2.2,CONCRETE,CONCRETE,Trench Mesh - Internal Beam,0,lm,0,Supplier,,,,,,
4.2.3,CONCRETE,CONCRETE,Trench Mesh - Strip Footing,0,lm,0,Supplier,,,,,,
4.2.4,CONCRETE,CONCRETE,Rod Strip Footing,0,lm,0,Supplier,,,,,,
4.2.5,CONCRETE,CONCRETE,Horizontal bar,0,lm,0,Supplier,,,,,,
4.2.6,CONCRETE,CONCRETE,L10- Internal Beam,0,lm,0,Supplier,,,,,,
4.2.7,CONCRETE,CONCRETE,L10 - Strip Footing,0,lm,0,Supplier,,,,,,
4.2.8,CONCRETE,CONCRETE,Bar chairs - Slab Area - (bag of 100),0,lm,0,Supplier,,,,,,
4.2.9,CONCRETE,CONCRETE,Trench chairs,0,lm,0,Supplier,,,,,,
4.2.10,CONCRETE,CONCRETE,Tie Wire Bundles,0,lm,0,Supplier,,,,,,
4.2.11,CONCRETE,CONCRETE,Forticon (Plastic Membrane) - 6 x 33m roll,0,lm,0,Supplier,,,,,,
4.2.12,CONCRETE,CONCRETE,Duct Tape - 30m Roll,0,lm,0,Supplier,,,,,,
4.3,CONCRETE,CONCRETE,REINFORCING SLAB,0,qty,0,Supplier,,0,,No,,
4.3.1,CONCRETE,CONCRETE,Top Mesh,0,lm,0,Supplier,,,,,,
4.3.2,CONCRETE,CONCRETE,Trench Mesh - Internal Beam,0,lm,0,Supplier,,,,,,
4.3.3,CONCRETE,CONCRETE,Trench Mesh - Strip Footing,0,lm,0,Supplier,,,,,,
4.3.4,CONCRETE,CONCRETE,Rod Strip Footing,0,lm,0,Supplier,,,,,,
4.3.5,CONCRETE,CONCRETE,Horizontal bar,0,lm,0,Supplier,,,,,,
4.3.6,CONCRETE,CONCRETE,L10- Internal Beam,0,lm,0,Supplier,,,,,,
4.3.7,CONCRETE,CONCRETE,L10 - Strip Footing,0,lm,0,Supplier,,,,,,
4.3.8,CONCRETE,CONCRETE,Bar chairs - Slab Area - (bag of 100),0,lm,0,Supplier,,,,,,
4.3.9,CONCRETE,CONCRETE,Trench chairs,0,lm,0,Supplier,,,,,,
4.3.10,CONCRETE,CONCRETE,Tie Wire Bundles,0,lm,0,Supplier,,,,,,
4.3.11,CONCRETE,CONCRETE,Forticon (Plastic Membrane) - 6 x 33m roll,0,lm,0,Supplier,,,,,,
4.3.12,CONCRETE,CONCRETE,Duct Tape - 30m Roll,0,lm,0,Supplier,,,,,,
4.4,CONCRETE,CONCRETE,CONCRETE SUPPLY - PIERS,0,qty,0,Supplier,,0,,No,,
4.4.1,CONCRETE,CONCRETE,Concrete,0,m3,0,,,,,,,
4.5,CONCRETE,CONCRETE,CONCRETE SUPPLY - FOOTINGS,0,qty,0,Supplier,,0,,No,,
4.5.1,CONCRETE,CONCRETE,Concrete,0,m3,0,,,,,,,
4.6,CONCRETE,CONCRETE,CONCRETE SUPPLY - SLAB,0,qty,0,Supplier,,0,,No,,
4.6.1,CONCRETE,CONCRETE,Concrete,0,m3,0,,,,,,,
4.7,CONCRETE,CONCRETE,CONCRETE LABOUR PIERS,0,qty,0,,,0,,No,,
4.7.1,CONCRETE,CONCRETE,Excavation,0,Hr,0,Sub Contractor,,,,,,
4.7.2,CONCRETE,CONCRETE,Supervision of Machine,0,Hr,0,General Labour,,,,,,
4.7.3,CONCRETE,CONCRETE,Steel place and tie,0,Hr,0,General Labour,,,,,,
4.7.4,CONCRETE,CONCRETE,Pour,0,Hr,0,General Labour,,,,,,
4.8,CONCRETE,CONCRETE,CONCRETE LABOUR FOOTINGS,0,qty,0,,,0,,No,,
4.8.1,CONCRETE,CONCRETE,Excavation,0,Hr,0,Sub Contractor,,,,,,
4.8.2,CONCRETE,CONCRETE,Supervision of Machine,0,Hr,0,General Labour,,,,,,
4.8.3,CONCRETE,CONCRETE,Steel place and tie,0,Hr,0,General Labour,,,,,,
4.8.4,CONCRETE,CONCRETE,Pour,0,Hr,0,General Labour,,,,,,
4.9,CONCRETE,CONCRETE,CONCRETE LABOUR SLAB,0,qty,0,,,0,,No,,
4.9.1,CONCRETE,CONCRETE,Excavation,0,Hr,0,Sub Contractor,,,,,,
4.9.2,CONCRETE,CONCRETE,Supervision of Machine,0,Hr,0,General Labour,,,,,,
4.9.3,CONCRETE,CONCRETE,Steel place and tie,0,Hr,0,General Labour,,,,,,
4.9.4,CONCRETE,CONCRETE,Pour,0,Hr,0,General Labour,,,,,,
4.10,CONCRETE,CONCRETE,CONCRETE PUMP - Piers,0,qty,775,,,0,,No,,
4.10.1,CONCRETE,CONCRETE,Concrete Pump Travel,1,Hr,190,Sub Contractor,,,,,,
4.10.2,CONCRETE,CONCRETE,Pump Hours - min 3h,3,Hr,190,Sub Contractor,,,,,,
4.10.3,CONCRETE,CONCRETE,Concrete Pumping Allowance (m3),0,m3,10,Sub Contractor,,,,,,
4.10.4,CONCRETE,CONCRETE,Pump Primer (per set up),1,qty,15,Sub Contractor,,,,,,
4.11,CONCRETE,CONCRETE,CONCRETE PUMP - Footings,0,qty,775,,,0,,No,,
4.11.1,CONCRETE,CONCRETE,Concrete Pump Travel,1,Hr,190,Sub Contractor,,,,,,
4.11.2,CONCRETE,CONCRETE,Pump Hours - min 3h,3,Hr,190,Sub Contractor,,,,,,
4.11.3,CONCRETE,CONCRETE,Concrete Pumping Allowance (m3),0,m3,10,Sub Contractor,,,,,,
4.11.4,CONCRETE,CONCRETE,Pump Primer (per set up),1,qty,15,Sub Contractor,,,,,,
4.12,CONCRETE,CONCRETE,CONCRETE PUMP - SLAB,0,qty,775,,,0,,No,,
4.12.1,CONCRETE,CONCRETE,Concrete Pump Travel,1,Hr,190,Sub Contractor,,,,,,
4.12.2,CONCRETE,CONCRETE,Pump Hours - min 3h,3,Hr,190,Sub Contractor,,,,,,
4.12.3,CONCRETE,CONCRETE,Concrete Pumping Allowance (m3),0,m3,10,Sub Contractor,,,,,,
4.12.4,CONCRETE,CONCRETE,Pump Primer (per set up),1,qty,15,Sub Contractor,,,,,,
4.13,CONCRETE,CONCRETE,Termite Protection,0,qty,0,,,0,,No,,
4.13.1,CONCRETE,CONCRETE,Termite Penetrations,0,qty,30,Sub Contractor,,,,,,
4.13.2,CONCRETE,CONCRETE,Termite Under frame/on wall,0,lm,30,Labour,,,,,,
4.13.3,CONCRETE,CONCRETE,Homguard to block walls,0,m2,50,Labour,,,,,,
5.1,HOUSE RAISE,HOUSE RAISE,House Raiser quote,0,lm,0,Sub Contractor,,0,,No,,
5.1.1,HOUSE RAISE,HOUSE RAISE,Steel,0,lm,0,,,,,,,
5.1.2,HOUSE RAISE,HOUSE RAISE,concrete,0,lm,0,Labour,,,,,,
5.1.3,HOUSE RAISE,HOUSE RAISE,raising,0,lm,0,Labour,,,,,,
5.1.4,HOUSE RAISE,HOUSE RAISE,Dig out,0,lm,0,Labour,,,,,,
6.1,WATERPROOFING,WATERPROOFING,Laundry Waterpoofing,0,qty,0,Sub Contractor,,0,,No,,
6.2,WATERPROOFING,WATERPROOFING,Bathroom Waterproofing,0,lm,0,Sub Contractor,,0,,No,,
6.3,WATERPROOFING,WATERPROOFING,Ensuite Waterproofing,0,lm,0,Sub Contractor,,0,,No,,
6.4,WATERPROOFING,WATERPROOFING,Kitchen Waterpoofing,0,qty,0,Sub Contractor,,0,,No,,
6.5,WATERPROOFING,WATERPROOFING,Retaining Wall Waterproofing,0,qty,0,Sub Contractor,,0,,No,,
6.6,WATERPROOFING,WATERPROOFING,WC/Powder Room Waterpoofing,0,qty,0,Sub Contractor,,0,,No,,
6.7,WATERPROOFING,WATERPROOFING,Patio/Deck Waterproofing,0,qty,0,Sub Contractor,,0,,No,,
7.1,MASONARY,MASONRY,RETAINING WALLS - BLOCKWORK - Supply,0,lm,0,Supplier,,0,,No,,
7.1.1,MASONARY,MASONRY,200 Series Blockwork (390x190x190),0,qty,3.25,,,,,,,
7.1.2,MASONARY,MASONRY,200 Series Clean Out Blocks,0,qty,5.92,Labour,,,,,,
7.1.3,MASONARY,MASONRY,200 Series Half Blocks,0,qty,25,Labour,,,,,,
7.1.4,MASONARY,MASONRY,Ableflex for Control Joints (25m Roll),0,Roll,64.6,Labour,,,,,,
7.1.5,MASONARY,MASONRY,Cement (20kg),0,Bag,7.59,Labour,,,,,,
7.1.6,MASONARY,MASONRY,Lime (20kg),0,Bag,12,Labour,,,,,,
7.1.7,MASONARY,MASONRY,Sand (m3),0,m3,174.05,Labour,,,,,,
7.1.8,MASONARY,MASONRY,N12 - Vertical Bar,0,lm,27.24,Labour,,,,,,
7.1.9,MASONARY,MASONRY,N12- Horizontal bar,0,lm,27.24,Labour,,,,,,
7.1.10,MASONARY,MASONRY,Delivery,0,qty,155,Labour,,,,,,
7.2,MASONARY,MASONRY,RETAINING WALLS LABOUR - BLOCKWORK,0,qty,0,,,0,,No,,
7.2.1,MASONARY,MASONRY,Lay 200mm Blocks (per block),0,Block,6,,,,,,,
7.3,MASONARY,MASONRY,CONCRETE SUPPLY - CORE FILL RETAINING WALLS,0,qty,0,,,0,,No,,
7.3.1,MASONARY,MASONRY,Concrete - Core Filling - Retaining Walls,0,m3,0,Supplier,,,,,,
7.4,MASONARY,MASONRY,CONCRETE PUMP - COREFILL,0,qty,775,,,0,,No,,
7.4.1,MASONARY,MASONRY,Concrete Pump Travel,1,Hr,190,Sub Contractor,,,,,,
7.4.2,MASONARY,MASONRY,Pump Hours - min 3h,3,Hr,190,Sub Contractor,,,,,,
7.4.3,MASONARY,MASONRY,Concrete Pumping Allowance (m3),0,m3,10,Sub Contractor,,,,,,
7.4.4,MASONARY,MASONRY,Pump Primer (per set up),1,qty,15,Sub Contractor,,,,,,
8.1,METALWORK,METALWORK,Clothsline,0,qty,0,,,0,,No,,
8.2,METALWORK,METALWORK,Screening,0,qty,0,,,0,,No,,
8.3,METALWORK,METALWORK,Handrails,0,qty,0,,,0,,No,,
9.1,STRUCTURAL STEEL,STRUCTURAL STEEL,Steel Supply,0,qty,0,,,0,,No,,
9.1.1,STRUCTURAL STEEL,STRUCTURAL STEEL,Structural Steel As Per Quote,0,qty,0,Supplier,,,,,,
9.1.2,STRUCTURAL STEEL,STRUCTURAL STEEL,Steel Shop Drawings,0,qty,0,Sub Contractor,,,,,,
9.1.3,STRUCTURAL STEEL,STRUCTURAL STEEL,On Site Steel Welding Allowance,0,Hr,0,Supplier,,,,,,
9.1.4,STRUCTURAL STEEL,STRUCTURAL STEEL,Steel as per Engineering,0,qty,0,Supplier,,,,,,
9.1.5,STRUCTURAL STEEL,STRUCTURAL STEEL,PFC's,0,qty,0,Labour,,,,,,
9.1.6,STRUCTURAL STEEL,STRUCTURAL STEEL,Posts,0,qty,0,Labour,,,,,,
9.2,STRUCTURAL STEEL,STRUCTURAL STEEL,Install Steel,0,qty,0,,,0,,No,,
9.2.1,STRUCTURAL STEEL,STRUCTURAL STEEL,Labour to install steel,0,Hr,0,General Labour,,,,,,
9.2.2,STRUCTURAL STEEL,STRUCTURAL STEEL,Machinery hire,0,Hr,0,Supplier,,,,,,
10.1,CARPENTRY MATERIALS,CARPENTRY MATERIALS,Wall Framing,1,qty,0,Carpentry Materials,,0,,No,,
10.1.1,CARPENTRY MATERIALS,CARPENTRY MATERIALS,Top Plate,0,lm,0,Carpentry Materials,,,,,,
10.1.2,CARPENTRY MATERIALS,CARPENTRY MATERIALS,Bottom Plate,0,lm,0,Carpentry Materials,,,,,,
10.1.3,CARPENTRY MATERIALS,CARPENTRY MATERIALS,Studs,0,lm,0,Carpentry Materials,,,,,,
10.1.4,CARPENTRY MATERIALS,CARPENTRY MATERIALS,Jamb Studs,0,lm,0,Carpentry Materials,,,,,,
10.1.5,CARPENTRY MATERIALS,CARPENTRY MATERIALS,Junction Blocking studs,0,lm,0,Carpentry Materials,,,,,,
10.1.6,CARPENTRY MATERIALS,CARPENTRY MATERIALS,Opening Heads and Sills,0,lm,0,Carpentry Materials,,,,,,
10.1.7,CARPENTRY MATERIALS,CARPENTRY MATERIALS,Jack studs,0,lm,0,Carpentry Materials,,,,,,
10.1.8,CARPENTRY MATERIALS,CARPENTRY MATERIALS,Noggings,0,lm,0,Carpentry Materials,,,,,,
10.1.9,CARPENTRY MATERIALS,CARPENTRY MATERIALS,Lintels,0,lm,0,Carpentry Materials,,,,,,
10.1.10,CARPENTRY MATERIALS,CARPENTRY MATERIALS,Wall Bracing,0,lm,0,Carpentry Materials,,,,,,
10.1.11,CARPENTRY MATERIALS,CARPENTRY MATERIALS,Temp Braces,0,lm,0,Carpentry Materials,,,,,,
10.1.12,CARPENTRY MATERIALS,CARPENTRY MATERIALS,Cavity Sliding Frames,0,lm,0,Carpentry Materials,,,,,,
10.1.13,CARPENTRY MATERIALS,CARPENTRY MATERIALS,Tie down rods,0,lm,0,Carpentry Materials,,,,,,
10.1.14,CARPENTRY MATERIALS,CARPENTRY MATERIALS,Tie down Nuts,0,qty,0,Carpentry Materials,,,,,,
10.1.15,CARPENTRY MATERIALS,CARPENTRY MATERIALS,Tie down Bolts,0,qty,0,Carpentry Materials,,,,,,
10.1.16,CARPENTRY MATERIALS,CARPENTRY MATERIALS,Tie down chem set,0,qty,0,Carpentry Materials,,,,,,
10.1.17,CARPENTRY MATERIALS,CARPENTRY MATERIALS,Tie down conector nuts,0,qty,0,Carpentry Materials,,,,,,
10.1.18,CARPENTRY MATERIALS,CARPENTRY MATERIALS,Tie down washers,0,qty,0,Carpentry Materials,,,,,,
10.1.19,CARPENTRY MATERIALS,CARPENTRY MATERIALS,Concrete screws,0,qty,0,Carpentry Materials,,,,,,
10.1.20,CARPENTRY MATERIALS,CARPENTRY MATERIALS,Stud steel screws,0,qty,0,Carpentry Materials,,,,,,
10.1.21,CARPENTRY MATERIALS,CARPENTRY MATERIALS,Framing nails,0,qty,0,Carpentry Materials,,,,,,
10.1.22,CARPENTRY MATERIALS,CARPENTRY MATERIALS,Bracing Nails,0,qty,0,Carpentry Materials,,,,,,
10.1.23,CARPENTRY MATERIALS,CARPENTRY MATERIALS,Entrance Door,0,qty,0,Carpentry Materials,,,,,,
10.1.24,CARPENTRY MATERIALS,CARPENTRY MATERIALS,Entrance Door Frame,0,qty,0,Carpentry Materials,,,,,,
10.1.25,CARPENTRY MATERIALS,CARPENTRY MATERIALS,2nd Entrance Door,0,qty,0,Carpentry Materials,,,,,,
10.1.26,CARPENTRY MATERIALS,CARPENTRY MATERIALS,2nd Entrance Door Frame,0,qty,0,Carpentry Materials,,,,,,
10.1.27,CARPENTRY MATERIALS,CARPENTRY MATERIALS,Delivery,0,qty,0,Carpentry Materials,,,,,,
10.2,CARPENTRY MATERIALS,CARPENTRY MATERIALS,Stairs,1,qty,0,Carpentry Materials,,0,,No,,
10.2.1,CARPENTRY MATERIALS,CARPENTRY MATERIALS,Internal Stairs,0,qty,0,Carpentry Materials,,,,,,
10.2.2,CARPENTRY MATERIALS,CARPENTRY MATERIALS,Internal Handrails,0,qty,0,Carpentry Materials,,,,,,
10.2.3,CARPENTRY MATERIALS,CARPENTRY MATERIALS,External Stairs,0,qty,0,Carpentry Materials,,,,,,
10.2.4,CARPENTRY MATERIALS,CARPENTRY MATERIALS,External Balustrade stairs,0,qty,0,Carpentry Materials,,,,,,
10.2.5,CARPENTRY MATERIALS,CARPENTRY MATERIALS,Delivery,0,qty,0,Carpentry Materials,,,,,,
10.3,CARPENTRY MATERIALS,CARPENTRY MATERIALS,Decking,1,qty,0,Carpentry Materials,,0,,No,,
10.3.1,CARPENTRY MATERIALS,CARPENTRY MATERIALS,Post brackets/stirups,0,qty,0,Carpentry Materials,,,,,,
10.3.2,CARPENTRY MATERIALS,CARPENTRY MATERIALS,Posts,0,lm,0,Carpentry Materials,,,,,,
10.3.3,CARPENTRY MATERIALS,CARPENTRY MATERIALS,Post fixings,0,qty,0,Carpentry Materials,,,,,,
10.3.4,CARPENTRY MATERIALS,CARPENTRY MATERIALS,Bearers,0,qty,0,Carpentry Materials,,,,,,
10.3.5,CARPENTRY MATERIALS,CARPENTRY MATERIALS,Bearer Fixings,0,qty,0,Carpentry Materials,,,,,,
10.3.6,CARPENTRY MATERIALS,CARPENTRY MATERIALS,Joists,0,qty,0,Carpentry Materials,,,,,,
10.3.7,CARPENTRY MATERIALS,CARPENTRY MATERIALS,Joist fixings,0,qty,0,Carpentry Materials,,,,,,
10.3.8,CARPENTRY MATERIALS,CARPENTRY MATERIALS,Joist protector,0,qty,0,Carpentry Materials,,,,,,
10.3.9,CARPENTRY MATERIALS,CARPENTRY MATERIALS,Decking boards,0,qty,0,Carpentry Materials,,,,,,
10.3.10,CARPENTRY MATERIALS,CARPENTRY MATERIALS,Decking screws,0,qty,0,Carpentry Materials,,,,,,
10.3.11,CARPENTRY MATERIALS,CARPENTRY MATERIALS,Decking undercoat,0,qty,0,Carpentry Materials,,,,,,
10.3.12,CARPENTRY MATERIALS,CARPENTRY MATERIALS,Timber Balustrading,0,qty,0,Carpentry Materials,,,,,,
10.3.13,CARPENTRY MATERIALS,CARPENTRY MATERIALS,Delivery,0,qty,0,Carpentry Materials,,,,,,
10.4,CARPENTRY MATERIALS,CARPENTRY MATERIALS,Floor Framing,1,qty,0,Carpentry Materials,,0,,No,,
10.4.1,CARPENTRY MATERIALS,CARPENTRY MATERIALS,Posts,0,lm,0,Carpentry Materials,,,,,,
10.4.2,CARPENTRY MATERIALS,CARPENTRY MATERIALS,Post Fixings,0,qty,0,Carpentry Materials,,,,,,
10.4.3,CARPENTRY MATERIALS,CARPENTRY MATERIALS,Bearers,0,qty,0,Carpentry Materials,,,,,,
10.4.4,CARPENTRY MATERIALS,CARPENTRY MATERIALS,Bearer fixings,0,qty,0,Carpentry Materials,,,,,,
10.4.5,CARPENTRY MATERIALS,CARPENTRY MATERIALS,Joists,0,qty,0,Carpentry Materials,,,,,,
10.4.6,CARPENTRY MATERIALS,CARPENTRY MATERIALS,Joist boots/fixings,0,qty,0,Carpentry Materials,,,,,,
10.4.7,CARPENTRY MATERIALS,CARPENTRY MATERIALS,Floor Glue,0,qty,0,Carpentry Materials,,,,,,
10.4.8,CARPENTRY MATERIALS,CARPENTRY MATERIALS,Floor fixings nails or screws,0,qty,0,Carpentry Materials,,,,,,
10.4.9,CARPENTRY MATERIALS,CARPENTRY MATERIALS,Sub flooring - Yellow tung/scyon,0,qty,0,Carpentry Materials,,,,,,
10.4.10,CARPENTRY MATERIALS,CARPENTRY MATERIALS,Delivery,0,qty,0,Carpentry Materials,,,,,,
10.5,CARPENTRY MATERIALS,CARPENTRY MATERIALS,Insulation/wrap,1,qty,0,Carpentry Materials,,0,,No,,
10.5.1,CARPENTRY MATERIALS,CARPENTRY MATERIALS,Builders Wrap - Proclima,0,lm,0,Carpentry Materials,,,,,,
10.5.2,CARPENTRY MATERIALS,CARPENTRY MATERIALS,Building Wrap fixings,0,qty,0,Carpentry Materials,,,,,,
10.5.3,CARPENTRY MATERIALS,CARPENTRY MATERIALS,Wall Insulation,0,qty,0,Carpentry Materials,,,,,,
10.5.4,CARPENTRY MATERIALS,CARPENTRY MATERIALS,Ceiling Insulation,0,qty,0,Carpentry Materials,,,,,,
10.5.5,CARPENTRY MATERIALS,CARPENTRY MATERIALS,Roof Insulation,0,qty,0,Carpentry Materials,,,,,,
10.5.6,CARPENTRY MATERIALS,CARPENTRY MATERIALS,Fire insulation,0,qty,0,Carpentry Materials,,,,,,
10.5.7,CARPENTRY MATERIALS,CARPENTRY MATERIALS,Delivery,0,qty,0,Carpentry Materials,,,,,,
10.6,CARPENTRY MATERIALS,CARPENTRY MATERIALS,Roof Framing,1,qty,0,Carpentry Materials,,0,,No,,
10.6.1,CARPENTRY MATERIALS,CARPENTRY MATERIALS,Trusses quote,0,qty,0,Carpentry Materials,,,,,,
10.6.2,CARPENTRY MATERIALS,CARPENTRY MATERIALS,Rafter fixings,0,qty,0,Carpentry Materials,,,,,,
10.6.3,CARPENTRY MATERIALS,CARPENTRY MATERIALS,Rafters,0,qty,0,Carpentry Materials,,,,,,
10.6.4,CARPENTRY MATERIALS,CARPENTRY MATERIALS,Ridge beam,0,qty,0,Carpentry Materials,,,,,,
10.6.5,CARPENTRY MATERIALS,CARPENTRY MATERIALS,Hip Beam,0,qty,0,Carpentry Materials,,,,,,
10.6.6,CARPENTRY MATERIALS,CARPENTRY MATERIALS,Roof Battens,0,qty,0,Carpentry Materials,,,,,,
10.6.7,CARPENTRY MATERIALS,CARPENTRY MATERIALS,Collar ties,0,qty,0,Carpentry Materials,,,,,,
10.6.8,CARPENTRY MATERIALS,CARPENTRY MATERIALS,Ceiling Battens,0,qty,0,Carpentry Materials,,,,,,
10.6.9,CARPENTRY MATERIALS,CARPENTRY MATERIALS,Ceiling trimming timber,0,qty,0,Carpentry Materials,,,,,,
10.6.10,CARPENTRY MATERIALS,CARPENTRY MATERIALS,Temp braces,0,qty,0,Carpentry Materials,,,,,,
10.6.11,CARPENTRY MATERIALS,CARPENTRY MATERIALS,Delivery,0,qty,0,Carpentry Materials,,,,,,
10.7,CARPENTRY MATERIALS,CARPENTRY MATERIALS,Soffits,1,qty,0,Carpentry Materials,,0,,No,,
10.7.1,CARPENTRY MATERIALS,CARPENTRY MATERIALS,Soffit Framing,0,lm,0,Carpentry Materials,,,,,,
10.7.2,CARPENTRY MATERIALS,CARPENTRY MATERIALS,Soffit sheets,0,qty,0,Carpentry Materials,,,,,,
10.7.3,CARPENTRY MATERIALS,CARPENTRY MATERIALS,Soffit fixings - Framing nails/soffit nails,0,qty,0,Carpentry Materials,,,,,,
10.7.4,CARPENTRY MATERIALS,CARPENTRY MATERIALS,Joiner strip,0,qty,0,Carpentry Materials,,,,,,
10.7.5,CARPENTRY MATERIALS,CARPENTRY MATERIALS,Moulding,0,qty,0,Carpentry Materials,,,,,,
10.7.6,CARPENTRY MATERIALS,CARPENTRY MATERIALS,Delivery,0,qty,0,Carpentry Materials,,,,,,
10.8,CARPENTRY MATERIALS,CARPENTRY MATERIALS,Cladding,1,qty,0,Carpentry Materials,,0,,No,,
10.8.1,CARPENTRY MATERIALS,CARPENTRY MATERIALS,Cladding Type 1,0,lm,0,Carpentry Materials,,,,,,
10.8.2,CARPENTRY MATERIALS,CARPENTRY MATERIALS,Cladding Type 2,0,qty,0,Carpentry Materials,,,,,,
10.8.3,CARPENTRY MATERIALS,CARPENTRY MATERIALS,Fixings,0,qty,0,Carpentry Materials,,,,,,
10.8.4,CARPENTRY MATERIALS,CARPENTRY MATERIALS,Cavity Batten,0,qty,0,Carpentry Materials,,,,,,
10.8.5,CARPENTRY MATERIALS,CARPENTRY MATERIALS,Internal stops,0,qty,0,Carpentry Materials,,,,,,
10.8.6,CARPENTRY MATERIALS,CARPENTRY MATERIALS,External stops,0,qty,0,Carpentry Materials,,,,,,
10.8.7,CARPENTRY MATERIALS,CARPENTRY MATERIALS,Starter strips,0,qty,0,Carpentry Materials,,,,,,
10.8.8,CARPENTRY MATERIALS,CARPENTRY MATERIALS,Horizontal flashing/strip,0,qty,0,Carpentry Materials,,,,,,
10.8.9,CARPENTRY MATERIALS,CARPENTRY MATERIALS,Window Trim/moulding,0,qty,0,Carpentry Materials,,,,,,
10.8.10,CARPENTRY MATERIALS,CARPENTRY MATERIALS,Joint Sealant,0,qty,0,Carpentry Materials,,,,,,
10.8.11,CARPENTRY MATERIALS,CARPENTRY MATERIALS,Delivery,0,qty,0,Carpentry Materials,,,,,,
10.9,CARPENTRY MATERIALS,CARPENTRY MATERIALS,Fixout,1,qty,0,Carpentry Materials,,0,,No,,
10.9.1,CARPENTRY MATERIALS,CARPENTRY MATERIALS,Door Jamb sets,0,qty,0,Carpentry Materials,,,,,,
10.9.2,CARPENTRY MATERIALS,CARPENTRY MATERIALS,Doors,0,qty,0,Carpentry Materials,,,,,,
10.9.3,CARPENTRY MATERIALS,CARPENTRY MATERIALS,Door Hinges,0,qty,0,Carpentry Materials,,,,,,
10.9.4,CARPENTRY MATERIALS,CARPENTRY MATERIALS,Door stops,0,qty,0,Carpentry Materials,,,,,,
10.9.5,CARPENTRY MATERIALS,CARPENTRY MATERIALS,Door Jambs,0,qty,0,Carpentry Materials,,,,,,
10.9.6,CARPENTRY MATERIALS,CARPENTRY MATERIALS,Cavity Doors,0,qty,0,Carpentry Materials,,,,,,
10.9.7,CARPENTRY MATERIALS,CARPENTRY MATERIALS,Cavity Jambs,0,qty,0,Carpentry Materials,,,,,,
10.9.8,CARPENTRY MATERIALS,CARPENTRY MATERIALS,Robe jambs,0,qty,0,Carpentry Materials,,,,,,
10.9.9,CARPENTRY MATERIALS,CARPENTRY MATERIALS,Robe doors,0,qty,0,Carpentry Materials,,,,,,
10.9.10,CARPENTRY MATERIALS,CARPENTRY MATERIALS,Robe door kits,0,qty,0,Carpentry Materials,,,,,,
10.9.11,CARPENTRY MATERIALS,CARPENTRY MATERIALS,Jamb fixings,0,qty,0,Carpentry Materials,,,,,,
10.9.12,CARPENTRY MATERIALS,CARPENTRY MATERIALS,Skirting,0,qty,0,Carpentry Materials,,,,,,
10.9.13,CARPENTRY MATERIALS,CARPENTRY MATERIALS,Skirting Fixings,0,qty,0,Carpentry Materials,,,,,,
10.9.14,CARPENTRY MATERIALS,CARPENTRY MATERIALS,Architrave,0,qty,0,Carpentry Materials,,,,,,
10.9.15,CARPENTRY MATERIALS,CARPENTRY MATERIALS,Architrave Fixings,0,qty,0,Carpentry Materials,,,,,,
10.9.16,CARPENTRY MATERIALS,CARPENTRY MATERIALS,PVA glue,0,qty,0,Carpentry Materials,,,,,,
10.9.17,CARPENTRY MATERIALS,CARPENTRY MATERIALS,Sanding Pads,0,qty,0,Carpentry Materials,,,,,,
10.9.18,CARPENTRY MATERIALS,CARPENTRY MATERIALS,Set up charge for custom runs of Skirt/Arch,0,qty,0,Carpentry Materials,,,,,,
10.9.19,CARPENTRY MATERIALS,CARPENTRY MATERIALS,Barn Door,0,qty,0,Carpentry Materials,,,,,,
10.9.20,CARPENTRY MATERIALS,CARPENTRY MATERIALS,Barn door Kit,0,qty,0,Carpentry Materials,,,,,,
10.9.21,CARPENTRY MATERIALS,CARPENTRY MATERIALS,Delivery,0,qty,0,Carpentry Materials,,,,,,
10.10,CARPENTRY MATERIALS,CARPENTRY MATERIALS,Fitt off,1,qty,0,Carpentry Materials,,0,,No,,
10.10.1,CARPENTRY MATERIALS,CARPENTRY MATERIALS,Barn Door Handle inside and out,0,lm,0,Carpentry Materials,,,,,,
10.10.2,CARPENTRY MATERIALS,CARPENTRY MATERIALS,Door Cushin,0,qty,0,Carpentry Materials,,,,,,
10.10.3,CARPENTRY MATERIALS,CARPENTRY MATERIALS,Door Stop/catch,0,qty,0,Carpentry Materials,,,,,,
10.10.4,CARPENTRY MATERIALS,CARPENTRY MATERIALS,Cupboard Clip/catch,0,qty,0,Carpentry Materials,,,,,,
10.10.5,CARPENTRY MATERIALS,CARPENTRY MATERIALS,Dummy Door Handle,0,qty,0,Carpentry Materials,,,,,,
10.10.6,CARPENTRY MATERIALS,CARPENTRY MATERIALS,Entrance Lock,0,qty,0,Carpentry Materials,,,,,,
10.10.7,CARPENTRY MATERIALS,CARPENTRY MATERIALS,Entrance Handle,0,qty,0,Carpentry Materials,,,,,,
10.10.8,CARPENTRY MATERIALS,CARPENTRY MATERIALS,Secondary Entrance Handle,0,qty,0,Carpentry Materials,,,,,,
10.10.9,CARPENTRY MATERIALS,CARPENTRY MATERIALS,Secondary Entrance Lock,0,qty,0,Carpentry Materials,,,,,,
10.10.10,CARPENTRY MATERIALS,CARPENTRY MATERIALS,Passage Handle,0,qty,0,Carpentry Materials,,,,,,
10.10.11,CARPENTRY MATERIALS,CARPENTRY MATERIALS,Privacy Handle,0,qty,0,Carpentry Materials,,,,,,
10.10.12,CARPENTRY MATERIALS,CARPENTRY MATERIALS,Cavity Passage set,0,qty,0,Carpentry Materials,,,,,,
10.10.13,CARPENTRY MATERIALS,CARPENTRY MATERIALS,Cavity Privacy set,0,qty,0,Carpentry Materials,,,,,,
10.10.14,CARPENTRY MATERIALS,CARPENTRY MATERIALS,Cloths Line,0,qty,0,Carpentry Materials,,,,,,
10.10.15,CARPENTRY MATERIALS,CARPENTRY MATERIALS,Delivery,0,qty,0,Carpentry Materials,,,,,,
10.11,CARPENTRY MATERIALS,CARPENTRY MATERIALS,Wedi products,0,qty,0,,,0,,No,,
10.11.1,CARPENTRY MATERIALS,CARPENTRY MATERIALS,Showerbase,0,lm,0,Carpentry Materials,,,,,,
10.11.2,CARPENTRY MATERIALS,CARPENTRY MATERIALS,Drain Kit,0,qty,0,Carpentry Materials,,,,,,
10.11.3,CARPENTRY MATERIALS,CARPENTRY MATERIALS,Waste Insert,0,qty,0,Carpentry Materials,,,,,,
10.11.4,CARPENTRY MATERIALS,CARPENTRY MATERIALS,Walls Sheets,0,qty,0,Carpentry Materials,,,,,,
10.11.5,CARPENTRY MATERIALS,CARPENTRY MATERIALS,Floor sheets,0,qty,0,Carpentry Materials,,,,,,
10.11.6,CARPENTRY MATERIALS,CARPENTRY MATERIALS,Mixer Gaiter,0,qty,0,Carpentry Materials,,,,,,
10.11.7,CARPENTRY MATERIALS,CARPENTRY MATERIALS,Shower Gaiter,0,qty,0,Carpentry Materials,,,,,,
10.11.8,CARPENTRY MATERIALS,CARPENTRY MATERIALS,610 Sealant,0,qty,0,Carpentry Materials,,,,,,
10.11.9,CARPENTRY MATERIALS,CARPENTRY MATERIALS,620 Sealant,0,qty,0,Carpentry Materials,,,,,,
10.11.10,CARPENTRY MATERIALS,CARPENTRY MATERIALS,Fasteners,0,qty,0,Carpentry Materials,,,,,,
10.11.11,CARPENTRY MATERIALS,CARPENTRY MATERIALS,Puttty Knife,0,qty,0,Carpentry Materials,,,,,,
10.11.12,CARPENTRY MATERIALS,CARPENTRY MATERIALS,'321 Adhesive,0,qty,0,Carpentry Materials,,,,,,
10.11.13,CARPENTRY MATERIALS,CARPENTRY MATERIALS,Extension Panel,0,qty,0,Carpentry Materials,,,,,,
10.11.14,CARPENTRY MATERIALS,CARPENTRY MATERIALS,Internal Corner,0,qty,0,Carpentry Materials,,,,,,
10.11.15,CARPENTRY MATERIALS,CARPENTRY MATERIALS,Niche,0,qty,0,Carpentry Materials,,,,,,
10.11.16,CARPENTRY MATERIALS,CARPENTRY MATERIALS,Delivery,0,qty,0,Labour,,,,,,
11.1,CARPENTRY LABOUR,CARPENTRY LABOUR,Decking Labour,0,qty,0,,,0,,No,,
11.1.1,CARPENTRY LABOUR,CARPENTRY LABOUR,Posts/footings brace & install,0,Hr,0,Carpentry Labour,,,,,,
11.1.2,CARPENTRY LABOUR,CARPENTRY LABOUR,Bearers,0,Hr,0,Carpentry Labour,,,,,,
11.1.3,CARPENTRY LABOUR,CARPENTRY LABOUR,Joists,0,Hr,0,Carpentry Labour,,,,,,
11.1.4,CARPENTRY LABOUR,CARPENTRY LABOUR,Decking Install,0,Hr,0,Carpentry Labour,,,,,,
11.1.5,CARPENTRY LABOUR,CARPENTRY LABOUR,Decking undercoat,0,Hr,0,Carpentry Labour,,,,,,
11.1.6,CARPENTRY LABOUR,CARPENTRY LABOUR,Timber Balustrading,0,Hr,0,Carpentry Labour,,,,,,
11.2,CARPENTRY LABOUR,CARPENTRY LABOUR,Stairs Labour,0,qty,0,,,0,,No,,
11.2.1,CARPENTRY LABOUR,CARPENTRY LABOUR,Internal Stairs,0,qty,0,Carpentry Labour,,,,,,
11.2.2,CARPENTRY LABOUR,CARPENTRY LABOUR,Internal Handrails,0,qty,0,Carpentry Labour,,,,,,
11.2.3,CARPENTRY LABOUR,CARPENTRY LABOUR,External Stairs,0,qty,0,Carpentry Labour,,,,,,
11.2.4,CARPENTRY LABOUR,CARPENTRY LABOUR,External Balustrade stairs,0,qty,0,Carpentry Labour,,,,,,
11.3,CARPENTRY LABOUR,CARPENTRY LABOUR,Wall Framing Labour,0,qty,0,,,0,,No,,
11.3.1,CARPENTRY LABOUR,CARPENTRY LABOUR,Frame mark out,0,qty,0,Carpentry Labour,,,,,,
11.3.2,CARPENTRY LABOUR,CARPENTRY LABOUR,Wall Framing up to 2.4m,0,lm,0,Carpentry Labour,,,,,,
11.3.3,CARPENTRY LABOUR,CARPENTRY LABOUR,Wall Framing up to 2.7m,0,lm,0,Carpentry Labour,,,,,,
11.3.4,CARPENTRY LABOUR,CARPENTRY LABOUR,Wall Framing 3m+m,0,lm,0,Carpentry Labour,,,,,,
11.3.5,CARPENTRY LABOUR,CARPENTRY LABOUR,Tie down rods,0,qty,0,Carpentry Labour,,,,,,
11.3.6,CARPENTRY LABOUR,CARPENTRY LABOUR,Bracing sheets,0,qty,0,Carpentry Labour,,,,,,
11.3.7,CARPENTRY LABOUR,CARPENTRY LABOUR,Strapping,0,qty,0,Carpentry Labour,,,,,,
11.3.8,CARPENTRY LABOUR,CARPENTRY LABOUR,Tie down Bolts,0,qty,0,Carpentry Labour,,,,,,
11.4,CARPENTRY LABOUR,CARPENTRY LABOUR,Cladding Labour,0,qty,0,,,0,,No,,
11.4.1,CARPENTRY LABOUR,CARPENTRY LABOUR,Cladding Type 1,0,m2,0,Carpentry Labour,,,,,,
11.4.2,CARPENTRY LABOUR,CARPENTRY LABOUR,Cladding Type 2,0,m2,0,Carpentry Labour,,,,,,
11.4.3,CARPENTRY LABOUR,CARPENTRY LABOUR,Window Trim/moulding,0,qty,0,Carpentry Labour,,,,,,
11.5,CARPENTRY LABOUR,CARPENTRY LABOUR,Floor Framing Labour,0,qty,0,,,0,,No,,
11.5.1,CARPENTRY LABOUR,CARPENTRY LABOUR,Posts,0,Hr,0,Carpentry Labour,,,,,,
11.5.2,CARPENTRY LABOUR,CARPENTRY LABOUR,Bearers,0,Hr,0,Carpentry Labour,,,,,,
11.5.3,CARPENTRY LABOUR,CARPENTRY LABOUR,Joists,0,Hr,0,Carpentry Labour,,,,,,
11.5.4,CARPENTRY LABOUR,CARPENTRY LABOUR,Flooring install,0,Hr,0,Carpentry Labour,,,,,,
11.6,CARPENTRY LABOUR,CARPENTRY LABOUR,Fixout Labour,0,qty,0,,,0,,No,,
11.6.1,CARPENTRY LABOUR,CARPENTRY LABOUR,"Door frame, hang 2040",0,qty,0,Carpentry Labour,,,,,,
11.6.2,CARPENTRY LABOUR,CARPENTRY LABOUR,"Door frame, hang 2440",0,qty,0,Carpentry Labour,,,,,,
11.6.3,CARPENTRY LABOUR,CARPENTRY LABOUR,Cavity Sliders,0,qty,0,Carpentry Labour,,,,,,
11.6.4,CARPENTRY LABOUR,CARPENTRY LABOUR,Barn Door,0,qty,0,Carpentry Labour,,,,,,
11.6.5,CARPENTRY LABOUR,CARPENTRY LABOUR,Robe doors,0,qty,0,Carpentry Labour,,,,,,
11.6.6,CARPENTRY LABOUR,CARPENTRY LABOUR,Robe Jambs,0,qty,0,Carpentry Labour,,,,,,
11.6.7,CARPENTRY LABOUR,CARPENTRY LABOUR,Skirting,0,lm,0,Carpentry Labour,,,,,,
11.6.8,CARPENTRY LABOUR,CARPENTRY LABOUR,Architrave,0,qty,0,Carpentry Labour,,,,,,
11.6.9,CARPENTRY LABOUR,CARPENTRY LABOUR,Bath Blocking,0,qty,0,Carpentry Labour,,,,,,
11.7,CARPENTRY LABOUR,CARPENTRY LABOUR,Soffits Labour,0,qty,0,,,0,,No,,
11.7.1,CARPENTRY LABOUR,CARPENTRY LABOUR,Soffit Framing,0,lm,0,Carpentry Labour,,,,,,
11.7.2,CARPENTRY LABOUR,CARPENTRY LABOUR,Soffit sheets,0,qty,0,Carpentry Labour,,,,,,
11.7.3,CARPENTRY LABOUR,CARPENTRY LABOUR,Moulding,0,qty,0,Carpentry Labour,,,,,,
11.8,CARPENTRY LABOUR,CARPENTRY LABOUR,Roof Framing Labour,0,qty,0,,,0,,No,,
11.8.1,CARPENTRY LABOUR,CARPENTRY LABOUR,Trusses Install,0,Hr,0,Carpentry Labour,,,,,,
11.8.2,CARPENTRY LABOUR,CARPENTRY LABOUR,Rafters,0,Hr,0,Carpentry Labour,,,,,,
11.8.3,CARPENTRY LABOUR,CARPENTRY LABOUR,Ridge beam,0,Hr,0,Carpentry Labour,,,,,,
11.8.4,CARPENTRY LABOUR,CARPENTRY LABOUR,Hip Beam,0,Hr,0,Carpentry Labour,,,,,,
11.8.5,CARPENTRY LABOUR,CARPENTRY LABOUR,Roof Battens,0,Hr,0,Carpentry Labour,,,,,,
11.8.6,CARPENTRY LABOUR,CARPENTRY LABOUR,Collar ties,0,Hr,0,Carpentry Labour,,,,,,
11.8.7,CARPENTRY LABOUR,CARPENTRY LABOUR,Ceiling Battens,0,Hr,0,Carpentry Labour,,,,,,
11.8.8,CARPENTRY LABOUR,CARPENTRY LABOUR,Ceiling trimming timber,0,Hr,0,Carpentry Labour,,,,,,
11.8.9,CARPENTRY LABOUR,CARPENTRY LABOUR,Temp braces,0,Hr,0,Carpentry Labour,,,,,,
11.9,CARPENTRY LABOUR,CARPENTRY LABOUR,Insulation/wrap Labour,0,qty,0,,,0,,No,,
11.9.1,CARPENTRY LABOUR,CARPENTRY LABOUR,Builders Wrap - Proclima,0,m2,0,Carpentry Labour,,,,,,
11.9.2,CARPENTRY LABOUR,CARPENTRY LABOUR,Wall Insulation,0,m2,0,Carpentry Labour,,,,,,
11.9.3,CARPENTRY LABOUR,CARPENTRY LABOUR,Ceiling Insulation,0,m2,0,Carpentry Labour,,,,,,
11.9.4,CARPENTRY LABOUR,CARPENTRY LABOUR,Roof Insulation,0,m2,0,Carpentry Labour,,,,,,
11.9.5,CARPENTRY LABOUR,CARPENTRY LABOUR,Fire insulation,0,m2,0,Carpentry Labour,,,,,,
11.10,CARPENTRY LABOUR,CARPENTRY LABOUR,Wedi products Labour,0,qty,0,,,0,,No,,
11.10.1,CARPENTRY LABOUR,CARPENTRY LABOUR,Showerbase,0,qty,0,Carpentry Materials,,,,,,
11.10.2,CARPENTRY LABOUR,CARPENTRY LABOUR,Walls Sheets,0,qty,0,Carpentry Materials,,,,,,
11.10.3,CARPENTRY LABOUR,CARPENTRY LABOUR,Floor sheets,0,qty,0,Carpentry Materials,,,,,,
11.10.4,CARPENTRY LABOUR,CARPENTRY LABOUR,Extension Panel,0,qty,0,Carpentry Materials,,,,,,
11.10.5,CARPENTRY LABOUR,CARPENTRY LABOUR,Niche,0,qty,0,Carpentry Materials,,,,,,
11.11,CARPENTRY LABOUR,CARPENTRY LABOUR,Fitt off Labour,0,qty,0,,,0,,No,,
11.11.1,CARPENTRY LABOUR,CARPENTRY LABOUR,Barn Door Handle inside and out,0,Hr,0,Carpentry Labour,,,,,,
11.11.2,CARPENTRY LABOUR,CARPENTRY LABOUR,Door Cushin,0,Hr,0,Carpentry Labour,,,,,,
11.11.3,CARPENTRY LABOUR,CARPENTRY LABOUR,Door Stop/catch,0,Hr,0,Carpentry Labour,,,,,,
11.11.4,CARPENTRY LABOUR,CARPENTRY LABOUR,Cupboard Clip/catch,0,Hr,0,Carpentry Labour,,,,,,
11.11.5,CARPENTRY LABOUR,CARPENTRY LABOUR,Dummy Door Handle,0,Hr,0,Carpentry Labour,,,,,,
11.11.6,CARPENTRY LABOUR,CARPENTRY LABOUR,Entrance Lock,0,Hr,0,Carpentry Labour,,,,,,
11.11.7,CARPENTRY LABOUR,CARPENTRY LABOUR,Entrance Handle,0,Hr,0,Carpentry Labour,,,,,,
11.11.8,CARPENTRY LABOUR,CARPENTRY LABOUR,Secondary Entrance Handle,0,Hr,0,Carpentry Labour,,,,,,
11.11.9,CARPENTRY LABOUR,CARPENTRY LABOUR,Secondary Entrance Lock,0,Hr,0,Carpentry Labour,,,,,,
11.11.10,CARPENTRY LABOUR,CARPENTRY LABOUR,Passage Handle,0,Hr,0,Carpentry Labour,,,,,,
11.11.11,CARPENTRY LABOUR,CARPENTRY LABOUR,Privacy Handle,0,Hr,0,Carpentry Labour,,,,,,
11.11.12,CARPENTRY LABOUR,CARPENTRY LABOUR,Cavity Passage set,0,Hr,0,Carpentry Labour,,,,,,
11.11.13,CARPENTRY LABOUR,CARPENTRY LABOUR,Cavity Privacy set,0,Hr,0,Carpentry Labour,,,,,,
11.11.14,CARPENTRY LABOUR,CARPENTRY LABOUR,Cloths Line,0,Hr,0,Carpentry Labour,,,,,,
11.11.15,CARPENTRY LABOUR,CARPENTRY LABOUR,Toilet roll holders,0,Hr,0,Carpentry Labour,,,,,,
11.11.16,CARPENTRY LABOUR,CARPENTRY LABOUR,Towel Rails,0,Hr,0,Carpentry Labour,,,,,,
11.11.17,CARPENTRY LABOUR,CARPENTRY LABOUR,Robe hooks,0,Hr,0,Carpentry Labour,,,,,,
11.11.18,CARPENTRY LABOUR,CARPENTRY LABOUR,Timber window Furniture,0,Hr,0,Carpentry Labour,,,,,,
11.12,CARPENTRY LABOUR,CARPENTRY LABOUR,Window & door install,0,qty,0,,,0,,No,,
11.12.1,CARPENTRY LABOUR,CARPENTRY LABOUR,Install Aluminium windows,0,Hr,0,Carpentry Labour,,,,,,
11.12.2,CARPENTRY LABOUR,CARPENTRY LABOUR,Install Aluminium Doors,0,Hr,0,Carpentry Labour,,,,,,
11.12.3,CARPENTRY LABOUR,CARPENTRY LABOUR,Install Timber windows,0,Hr,0,Carpentry Labour,,,,,,
11.12.4,CARPENTRY LABOUR,CARPENTRY LABOUR,Install Timber Doors,0,Hr,0,Carpentry Labour,,,,,,
11.12.5,CARPENTRY LABOUR,CARPENTRY LABOUR,Plane and Straighten,0,Hr,0,Carpentry Labour,,,,,,
11.12.6,CARPENTRY LABOUR,CARPENTRY LABOUR,Entrance Door Frame Install,0,Hr,0,Carpentry Labour,,,,,,
11.12.7,CARPENTRY LABOUR,CARPENTRY LABOUR,2nd Entrance Door Frame Install,0,Hr,0,Carpentry Labour,,,,,,
11.12.8,CARPENTRY LABOUR,CARPENTRY LABOUR,Cavity Slider frame,0,Hr,0,Carpentry Labour,,,,,,
11.12.9,CARPENTRY LABOUR,CARPENTRY LABOUR,Bathroom blocking,0,Hr,0,Carpentry Labour,,,,,,
12.1,SCAFFOLDING,SCAFFOLDING,Tressels and Planks,0,qty,0,,,0,,No,,
12.2,SCAFFOLDING,SCAFFOLDING,Ground Up Scaffolding,0,qty,0,,,0,,No,,
12.3,SCAFFOLDING,SCAFFOLDING,Rolling tower,0,qty,0,,,0,,No,,
13.1,WINDOWS & DOORS,WINDWS & DOORS,Aluminium windows,0,qty,0,Supplier,,0,,No,,
13.2,WINDOWS & DOORS,WINDWS & DOORS,Aluminium doors,0,qty,0,Supplier,,0,,No,,
13.3,WINDOWS & DOORS,WINDWS & DOORS,Timber doors,0,qty,0,Supplier,,0,,No,,
13.4,WINDOWS & DOORS,WINDWS & DOORS,Timber windows,0,qty,0,Supplier,,0,,No,,
13.5,WINDOWS & DOORS,WINDWS & DOORS,Door & Window Screen,0,qty,0,Supplier,,0,,No,,
13.6,WINDOWS & DOORS,WINDWS & DOORS,Timber door hardware,0,qty,0,Supplier,,0,,No,,
13.7,WINDOWS & DOORS,WINDWS & DOORS,Delivery,0,qty,0,Supplier,,0,,No,,
14.1,ROOFING,ROOFING,Roof Sheeting,0,lm,0,,,0,,No,,
14.2,ROOFING,ROOFING,Roof Battens Metal,0,qty,0,,,0,,No,,
14.3,ROOFING,ROOFING,Gable roll,0,qty,0,,,0,,No,,
14.4,ROOFING,ROOFING,Patio roof insulated,0,qty,0,,,0,,No,,
14.5,ROOFING,ROOFING,Roof Insulation,0,qty,0,,,0,,No,,
14.6,ROOFING,ROOFING,Barge board,0,qty,0,,,0,,No,,
14.7,ROOFING,ROOFING,Valley Gutter,0,qty,0,,,0,,No,,
14.8,ROOFING,ROOFING,Ridge capping,0,qty,0,,,0,,No,,
14.9,ROOFING,ROOFING,Roof Battens Timber,0,qty,0,,,0,,No,,
14.10,ROOFING,ROOFING,Flashing,0,qty,0,,,0,,No,,
14.11,ROOFING,ROOFING,Delivery,0,qty,0,,,0,,No,,
14.12,ROOFING,ROOFING,Carport Roof insulated,0,qty,0,,,0,,No,,
15.1,PARTITIONS & LININGS,PARTITIONS AND LININGS,Plaster Materials,0,m2,0,Supplier,,0,,No,,
15.1.1,PARTITIONS & LININGS,PARTITIONS AND LININGS,Sheetrock One,0,m2,0,Supplier,,,,,,
15.1.2,PARTITIONS & LININGS,PARTITIONS AND LININGS,WR Board,0,m2,0,Supplier,,,,,,
15.1.3,PARTITIONS & LININGS,PARTITIONS AND LININGS,Villa Board,0,m2,0,Supplier,,,,,,
15.1.4,PARTITIONS & LININGS,PARTITIONS AND LININGS,90 mm Cornice,0,m2,0,Supplier,,,,,,
15.1.5,PARTITIONS & LININGS,PARTITIONS AND LININGS,55 mm Cornice,0,lm,0,Supplier,,,,,,
15.1.6,PARTITIONS & LININGS,PARTITIONS AND LININGS,Stud Adhesive 1 Tub per 125m2,0,m2,0,Supplier,,,,,,
15.1.7,PARTITIONS & LININGS,PARTITIONS AND LININGS,External Corners,0,lm,0,Supplier,,,,,,
15.1.8,PARTITIONS & LININGS,PARTITIONS AND LININGS,Base Coat,0,Bag,0,Supplier,,,,,,
15.1.9,PARTITIONS & LININGS,PARTITIONS AND LININGS,All Purpose 15kg,0,Bucket,0,Supplier,,,,,,
15.1.10,PARTITIONS & LININGS,PARTITIONS AND LININGS,Top Coat,0,Bucket,0,Supplier,,,,,,
15.1.11,PARTITIONS & LININGS,PARTITIONS AND LININGS,Screws 25mm Course Thread,0,Box,0,Supplier,,,,,,
15.1.12,PARTITIONS & LININGS,PARTITIONS AND LININGS,Cornice cement,0,Bag,0,Supplier,,,,,,
15.1.13,PARTITIONS & LININGS,PARTITIONS AND LININGS,Spray Adhesive,0,qty,0,Supplier,,,,,,
15.1.14,PARTITIONS & LININGS,PARTITIONS AND LININGS,Joint Tape,0,Roll,0,Supplier,,,,,,
15.1.15,PARTITIONS & LININGS,PARTITIONS AND LININGS,Misc,0,qty,0,Supplier,,,,,,
15.1.16,PARTITIONS & LININGS,PARTITIONS AND LININGS,Cornice (specify Side and Type),0,/5.4m,0,Supplier,,,,,,
15.1.17,PARTITIONS & LININGS,PARTITIONS AND LININGS,Delivery,0,m2,0.75,Supplier,,,,,,
15.2,PARTITIONS & LININGS,PARTITIONS AND LININGS,Labour Sheeting ,0,m2,0,Sub Contractor,,0,,No,,
15.2.1,PARTITIONS & LININGS,PARTITIONS AND LININGS,Sheetrock one Walls,0,m2,6,Sub Contractor,,,,,,
15.2.2,PARTITIONS & LININGS,PARTITIONS AND LININGS,Int -Ceilings,0,m2,7,Sub Contractor,,,,,,
15.2.3,PARTITIONS & LININGS,PARTITIONS AND LININGS,WR Plaster board,0,m2,6,Sub Contractor,,,,,,
15.2.4,PARTITIONS & LININGS,PARTITIONS AND LININGS,Villa Board,0,m2,7,Sub Contractor,,,,,,
15.3,PARTITIONS & LININGS,PARTITIONS AND LININGS,Labour Cornice,0,lm,0,Supplier,,0,,No,,
15.3.1,PARTITIONS & LININGS,PARTITIONS AND LININGS,55/90 mm Cornice Install,0,lm,14,Sub Contractor,,,,,,
15.4,PARTITIONS & LININGS,PARTITIONS AND LININGS,Labour Setting & Sanding ,0,m2,0,Sub Contractor,,0,,No,,
15.4.1,PARTITIONS & LININGS,PARTITIONS AND LININGS,Sheetrock one,0,m2,7.5,Sub Contractor,,,,,,
15.4.2,PARTITIONS & LININGS,PARTITIONS AND LININGS,Int -Ceilings,0,m2,8.5,Sub Contractor,,,,,,
15.4.3,PARTITIONS & LININGS,PARTITIONS AND LININGS,WR Plaster board,0,m2,7.5,Sub Contractor,,,,,,
15.4.4,PARTITIONS & LININGS,PARTITIONS AND LININGS,Villa board,0,m2,7.5,Sub Contractor,,,,,,
15.5,PARTITIONS & LININGS,PARTITIONS AND LININGS,Internal solid plastering/render,0,qty,0,,,0,,No,,
16.1,FLOOR COVERINGS,FLOOR COVERINGS,Vinyl flooring,0,qty,0,Sub Contractor,,0,,No,,
16.2,FLOOR COVERINGS,FLOOR COVERINGS,Floating Floor,0,qty,0,Sub Contractor,,0,,No,,
16.3,FLOOR COVERINGS,FLOOR COVERINGS,Carpet,0,qty,0,Sub Contractor,,0,,No,,
16.4,FLOOR COVERINGS,FLOOR COVERINGS,Hybrid Flooring,0,qty,0,Sub Contractor,,0,,No,,
16.5,FLOOR COVERINGS,FLOOR COVERINGS,Stair Coverings,0,qty,0,,,0,,No,,
17.1,TILING,TILING,Tiling Materials,1,qty,0,Supplier,,0,,No,,
17.1.1,TILING,TILING,Bathroom Floor,0,m2,0,Supplier,,,,,,
17.1.2,TILING,TILING,Bathroom Wall,0,m2,0,Supplier,,,,,,
17.1.3,TILING,TILING,Bathroom Feature Tile wall,0,m2,0,Supplier,,,,,,
17.1.4,TILING,TILING,Bathroom Niche,0,m2,0,Supplier,,,,,,
17.1.5,TILING,TILING,Bathroom Aluminium Angle,0,m2,0,Supplier,,,,,,
17.1.6,TILING,TILING,Bathroom Silicon,0,lm,0,Supplier,,,,,,
17.1.7,TILING,TILING,Bathroom Shower Drain,0,m2,0,Supplier,,,,,,
17.1.8,TILING,TILING,Bathroom Floor drain,0,m2,0,Supplier,,,,,,
17.1.9,TILING,TILING,COPY ANY ABOVE FOR ENSUITE OR EXTRA BATHROOM,0,m2,0,Labour,,,,,,
17.1.10,TILING,TILING,Main Floor Tiles,0,m2,0,Supplier,,,,,,
17.1.11,TILING,TILING,Laundry FLoor,0,m2,0,Supplier,,,,,,
17.1.12,TILING,TILING,Laundry Splashback,0,m2,0,Supplier,,,,,,
17.1.13,TILING,TILING,Laundry Skirting,0,m2,0,Supplier,,,,,,
17.1.14,TILING,TILING,WC/Powder room Floor,0,m2,0,Supplier,,,,,,
17.1.15,TILING,TILING,WC/Powder room Skirting,0,m2,0,Supplier,,,,,,
17.1.16,TILING,TILING,Kitchen/Butler Splashback,0,m2,0,Supplier,,,,,,
17.1.17,TILING,TILING,Laundy Silicon,0,lm,0,Labour,,,,,,
17.1.18,TILING,TILING,Kitchen Silicon,0,lm,0,Labour,,,,,,
17.1.19,TILING,TILING,WC/Powder Room Silicon,0,lm,0,Labour,,,,,,
17.1.20,TILING,TILING,Accessories Delivery/pick up,0,qty,0,Supplier,,,,,,
17.1.21,TILING,TILING,Tile Pallet Delivery,0,qty,0,Supplier,,,,,,
17.2,TILING,TILING,Tiling Labour,1,qty,0,Sub Contractor,,0,,No,,
17.2.1,TILING,TILING,Bathroom Floor,0,m2,0,Sub Contractor,,,,,,
17.2.2,TILING,TILING,Bathroom Wall,0,m2,0,Sub Contractor,,,,,,
17.2.3,TILING,TILING,Bathroom Feature Tile wall,0,m2,0,Sub Contractor,,,,,,
17.2.4,TILING,TILING,Bathroom Niche,0,m2,0,Sub Contractor,,,,,,
17.2.5,TILING,TILING,Bathroom Aluminium Angle,0,m2,0,Sub Contractor,,,,,,
17.2.6,TILING,TILING,Bathroom Silicon,0,lm,0,Sub Contractor,,,,,,
17.2.7,TILING,TILING,Bathroom Shower Drain,0,m2,0,Sub Contractor,,,,,,
17.2.8,TILING,TILING,Bathroom Floor drain,0,m2,0,Sub Contractor,,,,,,
17.2.9,TILING,TILING,COPY ANY ABOVE FOR ENSUITE OR EXTRA BATHROOM,0,qty,0,Sub Contractor,,,,,,
17.2.10,TILING,TILING,Main Floor Tiles,0,m2,0,Sub Contractor,,,,,,
17.2.11,TILING,TILING,Laundry FLoor,0,m2,0,Sub Contractor,,,,,,
17.2.12,TILING,TILING,Laundry Splashback,0,m2,0,Sub Contractor,,,,,,
17.2.13,TILING,TILING,Laundry Skirting,0,lm,0,Sub Contractor,,,,,,
17.2.14,TILING,TILING,WC/Powder room Floor,0,m2,0,Sub Contractor,,,,,,
17.2.15,TILING,TILING,WC/Powder room Skirting,0,lm,0,Sub Contractor,,,,,,
17.2.16,TILING,TILING,Kitchen/Butler Splashback,0,m2,0,Sub Contractor,,,,,,
17.2.17,TILING,TILING,Main floor Silicon,0,lm,0,Sub Contractor,,,,,,
17.2.18,TILING,TILING,Laundry Silicon,0,lm,0,Sub Contractor,,,,,,
17.2.19,TILING,TILING,WC/Powder Room Silicon,0,lm,0,Sub Contractor,,,,,,
17.2.20,TILING,TILING,Tile Niche,0,qty,0,Sub Contractor,,,,,,
18.1,JOINERY,JOINERY,Butler Pantry Joinery,0,qty,0,Sub Contractor,,0,,No,,
18.2,JOINERY,JOINERY,Benchtop Kitchen,0,qty,0,Sub Contractor,,0,,No,,
18.3,JOINERY,JOINERY,Benchtop Laundry,0,qty,0,Sub Contractor,,0,,No,,
18.4,JOINERY,JOINERY,Bathroom Joinery,0,qty,0,Sub Contractor,,0,,No,,
18.5,JOINERY,JOINERY,Benchtop Butler Pantry,0,qty,0,Sub Contractor,,0,,No,,
18.6,JOINERY,JOINERY,Kitchen Joinery,0,qty,0,Sub Contractor,,0,,No,,
18.7,JOINERY,JOINERY,Laundry Joinery,0,qty,0,Sub Contractor,,0,,No,,
18.8,JOINERY,JOINERY,Bed 2 Robe fitout,0,qty,0,Sub Contractor,,0,,No,,
18.9,JOINERY,JOINERY,Linnen Fitout,0,qty,0,Sub Contractor,,0,,No,,
18.10,JOINERY,JOINERY,Bathroom Benchtop,0,qty,0,Sub Contractor,,0,,No,,
18.11,JOINERY,JOINERY,Bed 3 Robe fitout,0,qty,0,Sub Contractor,,0,,No,,
18.12,JOINERY,JOINERY,Linnen Door,0,qty,0,Sub Contractor,,0,,No,,
18.13,JOINERY,JOINERY,Bed 1 Robe Doors,0,qty,0,Sub Contractor,,0,,No,,
18.14,JOINERY,JOINERY,Bed 4 Robe Doors,0,qty,0,Sub Contractor,,0,,No,,
18.15,JOINERY,JOINERY,Bed 1 Robe fitout,0,qty,0,Sub Contractor,,0,,No,,
18.16,JOINERY,JOINERY,Bed 2 Robe Doors,0,qty,0,Sub Contractor,,0,,No,,
18.17,JOINERY,JOINERY,Bed 3 Robe Doors,0,qty,0,Sub Contractor,,0,,No,,
18.18,JOINERY,JOINERY,Benchtop WC/Powder room ,0,qty,0,Sub Contractor,,0,,No,,
18.19,JOINERY,JOINERY,WC/Powder room Joinery,0,qty,0,Sub Contractor,,0,,No,,
18.20,JOINERY,JOINERY,Bed 4 Robe fitout,0,qty,0,Sub Contractor,,0,,No,,
19.1,RENDERING,RENDERING,Blue board Rendering,0,qty,0,Sub Contractor,,0,,No,,
19.2,RENDERING,RENDERING,Block Rendering,0,qty,0,Sub Contractor,,0,,No,,
19.3,RENDERING,RENDERING,Brick Rendering,0,qty,0,Sub Contractor,,0,,No,,
20.1,PAINTING,PAINTING,Internal Painting Labour,1,qty,0,Paint Labour,,0,,No,,
20.1.1,PAINTING,PAINTING,Main wall Colour,0,lm,0,Paint Labour,,,,,,
20.1.2,PAINTING,PAINTING,Feature Wall Colour,0,m2,0,Paint Labour,,,,,,
20.1.3,PAINTING,PAINTING,Main Ceilings,0,m2,0,Paint Labour,,,,,,
20.1.4,PAINTING,PAINTING,Wet Area Ceilings,0,m2,0,Paint Labour,,,,,,
20.1.5,PAINTING,PAINTING,Skirting,0,lm,0,Paint Labour,,,,,,
20.1.6,PAINTING,PAINTING,Architrave,0,lm,0,Paint Labour,,,,,,
20.1.7,PAINTING,PAINTING,Door Frames,0,qty,0,Paint Labour,,,,,,
20.1.8,PAINTING,PAINTING,Doors,0,qty,0,Paint Labour,,,,,,
20.1.9,PAINTING,PAINTING,Robe Frames,0,qty,0,Paint Labour,,,,,,
20.1.10,PAINTING,PAINTING,Robe Doors,0,qty,0,Paint Labour,,,,,,
20.1.11,PAINTING,PAINTING,Internals of robes,0,qty,0,Paint Labour,,,,,,
20.1.12,PAINTING,PAINTING,Barn doorss,0,qty,0,Paint Labour,,,,,,
20.1.13,PAINTING,PAINTING,Window Frames,0,qty,0,Paint Labour,,,,,,
20.1.14,PAINTING,PAINTING,Window Sashes,0,qty,0,Paint Labour,,,,,,
20.1.15,PAINTING,PAINTING,Door Frames,0,qty,0,Paint Labour,,,,,,
20.1.16,PAINTING,PAINTING,Door Sashes,0,qty,0,Paint Labour,,,,,,
20.1.17,PAINTING,PAINTING,Stairs - Stringers/risers,0,qty,0,Paint Labour,,,,,,
20.1.18,PAINTING,PAINTING,Balustrade,0,lm,0,Paint Labour,,,,,,
20.1.19,PAINTING,PAINTING,Handrail,0,qty,0,Paint Labour,,,,,,
20.1.20,PAINTING,PAINTING,Feature timber slats,0,qty,0,Paint Labour,,,,,,
20.1.21,PAINTING,PAINTING,MISC,0,qty,0,Paint Labour,,,,,,
20.2,PAINTING,PAINTING,Internal Painting Materials,1.1,qty,0,Paint Materials,,0,,No,,
20.2.1,PAINTING,PAINTING,Main wall Colour,0,m2,0,Paint Materials,,,,,,
20.2.2,PAINTING,PAINTING,Feature Wall Colour,0,m2,0,Paint Materials,,,,,,
20.2.3,PAINTING,PAINTING,Main Ceilings,0,m2,0,Paint Materials,,,,,,
20.2.4,PAINTING,PAINTING,Wet Area Ceilings,0,m2,0,Paint Materials,,,,,,
20.2.5,PAINTING,PAINTING,Skirting,0,lm,0,Paint Materials,,,,,,
20.2.6,PAINTING,PAINTING,Architrave,0,lm,0,Paint Materials,,,,,,
20.2.7,PAINTING,PAINTING,Door Frames,0,qty,0,Paint Materials,,,,,,
20.2.8,PAINTING,PAINTING,Doors,0,qty,0,Paint Materials,,,,,,
20.2.9,PAINTING,PAINTING,Robe Frames,0,qty,0,Paint Materials,,,,,,
20.2.10,PAINTING,PAINTING,Robe Doors,0,qty,0,Paint Materials,,,,,,
20.2.11,PAINTING,PAINTING,Internals of robes,0,qty,0,Paint Materials,,,,,,
20.2.12,PAINTING,PAINTING,Barn doorss,0,qty,0,Paint Materials,,,,,,
20.2.13,PAINTING,PAINTING,Window Frames,0,qty,0,Paint Materials,,,,,,
20.2.14,PAINTING,PAINTING,Window Sashes,0,qty,0,Paint Materials,,,,,,
20.2.15,PAINTING,PAINTING,Door Frames,0,qty,0,Paint Materials,,,,,,
20.2.16,PAINTING,PAINTING,Door Sashes,0,qty,0,Paint Materials,,,,,,
20.2.17,PAINTING,PAINTING,Stairs - Stringers/risers,0,qty,0,Paint Materials,,,,,,
20.2.18,PAINTING,PAINTING,Balustrade,0,lm,0,Paint Materials,,,,,,
20.2.19,PAINTING,PAINTING,Handrail,0,qty,0,Paint Materials,,,,,,
20.2.20,PAINTING,PAINTING,Feature timber slats,0,qty,0,Paint Materials,,,,,,
20.2.21,PAINTING,PAINTING,MISC,0,qty,0,Paint Materials,,,,,,
20.3,PAINTING,PAINTING,External Painting Labour,1,qty,0,Paint Labour,,0,,No,,
20.3.1,PAINTING,PAINTING,Cladding Type 1,0,m2,0,Paint Labour,,,,,,
20.3.2,PAINTING,PAINTING,Cladding Type 2,0,m2,0,Paint Labour,,,,,,
20.3.3,PAINTING,PAINTING,Render,0,m2,0,Paint Labour,,,,,,
20.3.4,PAINTING,PAINTING,Brickwork/Blockwork,0,m2,0,Paint Labour,,,,,,
20.3.5,PAINTING,PAINTING,Soffits,0,m2,0,Paint Labour,,,,,,
20.3.6,PAINTING,PAINTING,Gables,0,m2,0,Paint Labour,,,,,,
20.3.7,PAINTING,PAINTING,Balustrade,0,lm,0,Paint Labour,,,,,,
20.3.8,PAINTING,PAINTING,Window/Door Frames,0,qty,0,Paint Labour,,,,,,
20.3.9,PAINTING,PAINTING,Patio Ceilings,0,m2,0,Paint Labour,,,,,,
20.3.10,PAINTING,PAINTING,External Stairs,0,qty,0,Paint Labour,,,,,,
20.3.11,PAINTING,PAINTING,Carport Ceilings,0,m2,0,Paint Labour,,,,,,
20.3.12,PAINTING,PAINTING,Posts,0,lm,0,Paint Labour,,,,,,
20.3.13,PAINTING,PAINTING,Decking,0,m2,0,Paint Labour,,,,,,
20.3.14,PAINTING,PAINTING,Rafters,0,qty,0,Paint Labour,,,,,,
20.4,PAINTING,PAINTING,External Painting Materials,1.1,qty,0,Paint Labour,,0,,No,,
20.4.1,PAINTING,PAINTING,Cladding Type 1,0,m2,0,Paint Materials,,,,,,
20.4.2,PAINTING,PAINTING,Cladding Type 2,0,m2,0,Paint Materials,,,,,,
20.4.3,PAINTING,PAINTING,Render,0,m2,0,Paint Materials,,,,,,
20.4.4,PAINTING,PAINTING,Brickwork/Blockwork,0,m2,0,Paint Materials,,,,,,
20.4.5,PAINTING,PAINTING,Soffits,0,m2,0,Paint Materials,,,,,,
20.4.6,PAINTING,PAINTING,Gables,0,m2,0,Paint Materials,,,,,,
20.4.7,PAINTING,PAINTING,Balustrade,0,lm,0,Paint Materials,,,,,,
20.4.8,PAINTING,PAINTING,Window/Door Frames,0,qty,0,Paint Materials,,,,,,
20.4.9,PAINTING,PAINTING,Patio Ceilings,0,m2,0,Paint Materials,,,,,,
20.4.10,PAINTING,PAINTING,External Stairs,0,qty,0,Paint Materials,,,,,,
20.4.11,PAINTING,PAINTING,Carport Ceilings,0,m2,0,Paint Materials,,,,,,
20.4.12,PAINTING,PAINTING,Posts,0,qty,0,Paint Materials,,,,,,
20.4.13,PAINTING,PAINTING,Decking,0,qty,0,Paint Materials,,,,,,
20.4.14,PAINTING,PAINTING,Rafters,0,qty,0,Paint Materials,,,,,,
21.1,GLAZING,GLAZING,Bathroom Shower Screen,0,lm,0,Sub Contractor,,0,,No,,
21.2,GLAZING,GLAZING,Ensuite Shower Screen,0,lm,0,Sub Contractor,,0,,No,,
21.3,GLAZING,GLAZING,Pool Fencing,0,qty,0,Sub Contractor,,0,,No,,
21.4,GLAZING,GLAZING,Void Balustrade,0,qty,0,Sub Contractor,,0,,No,,
21.5,GLAZING,GLAZING,Stairs Balustrade,0,qty,0,Sub Contractor,,0,,No,,
22.1,HYDRAULIC SERVICES,HYDRAULIC SERVICES,"Disconnect all existing fixtures, capping of existing",0,qty,0,Sub Contractor,,0,,No,,
22.1.1,HYDRAULIC SERVICES,HYDRAULIC SERVICES,Labour,0,Hr,0,Sub Contractor,,,,,,
22.1.2,HYDRAULIC SERVICES,HYDRAULIC SERVICES,Materials,0,qty,0,Sub Contractor,,,,,,
22.2,HYDRAULIC SERVICES,HYDRAULIC SERVICES,CCTV locating and marking of existing drains,0,qty,0,Sub Contractor,,0,,No,(allowed 1.5 hrs onsite plus use of camera and locator),
22.3,HYDRAULIC SERVICES,HYDRAULIC SERVICES,Drainage,0,qty,0,Sub Contractor,,0,,No,,
22.3.1,HYDRAULIC SERVICES,HYDRAULIC SERVICES,Laundry tub,0,qty,0,Sub Contractor,,,,,,
22.3.2,HYDRAULIC SERVICES,HYDRAULIC SERVICES,WC,0,qty,0,Sub Contractor,,,,,,
22.3.3,HYDRAULIC SERVICES,HYDRAULIC SERVICES,Basins,0,qty,0,Sub Contractor,,,,,,
22.3.4,HYDRAULIC SERVICES,HYDRAULIC SERVICES,Kitchen,0,qty,0,Sub Contractor,,,,,,
22.3.5,HYDRAULIC SERVICES,HYDRAULIC SERVICES,Showers,0,qty,0,Sub Contractor,,,,,,
22.3.6,HYDRAULIC SERVICES,HYDRAULIC SERVICES,Bath,0,qty,0,Sub Contractor,,,,,,
22.3.7,HYDRAULIC SERVICES,HYDRAULIC SERVICES,Floor wastes,0,qty,0,Sub Contractor,,,,,,
22.4,HYDRAULIC SERVICES,HYDRAULIC SERVICES,Water Services,0,qty,0,Sub Contractor,,0,,No,,
22.4.1,HYDRAULIC SERVICES,HYDRAULIC SERVICES,Laundry tub,0,lm,0,Sub Contractor,,,,,,
22.4.2,HYDRAULIC SERVICES,HYDRAULIC SERVICES,WC,0,qty,0,Sub Contractor,,,,,,
22.4.3,HYDRAULIC SERVICES,HYDRAULIC SERVICES,Basins,0,qty,0,Sub Contractor,,,,,,
22.4.4,HYDRAULIC SERVICES,HYDRAULIC SERVICES,Kitchen,0,qty,0,Sub Contractor,,,,,,
22.4.5,HYDRAULIC SERVICES,HYDRAULIC SERVICES,Showers,0,qty,0,Sub Contractor,,,,,,
22.4.6,HYDRAULIC SERVICES,HYDRAULIC SERVICES,Bath,0,qty,0,Sub Contractor,,,,,,
22.4.7,HYDRAULIC SERVICES,HYDRAULIC SERVICES,Fridge,0,qty,0,Sub Contractor,,,,,,
22.4.8,HYDRAULIC SERVICES,HYDRAULIC SERVICES,Garden Hose point,0,qty,0,Sub Contractor,,,,,,
22.4.9,HYDRAULIC SERVICES,HYDRAULIC SERVICES,Hot water unit,0,qty,0,Sub Contractor,,,,,,
22.5,HYDRAULIC SERVICES,HYDRAULIC SERVICES,Bathroom Tapware & Fixtures,0,qty,0,Supplier,,0,,No,,
22.5.1,HYDRAULIC SERVICES,HYDRAULIC SERVICES,Bath,0,lm,0,Supplier,,,,,,
22.5.2,HYDRAULIC SERVICES,HYDRAULIC SERVICES,Bath MIxer,0,qty,0,Supplier,,,,,,
22.5.3,HYDRAULIC SERVICES,HYDRAULIC SERVICES,Bath Spout,0,qty,0,Supplier,,,,,,
22.5.4,HYDRAULIC SERVICES,HYDRAULIC SERVICES,Bath Flexi Waste,0,qty,0,Supplier,,,,,,
22.5.5,HYDRAULIC SERVICES,HYDRAULIC SERVICES,Shower Mixer,0,qty,0,Supplier,,,,,,
22.5.6,HYDRAULIC SERVICES,HYDRAULIC SERVICES,Shower head/rail,0,qty,0,Supplier,,,,,,
22.5.7,HYDRAULIC SERVICES,HYDRAULIC SERVICES,Basin Mixer,0,qty,0,Supplier,,,,,,
22.5.8,HYDRAULIC SERVICES,HYDRAULIC SERVICES,Basin Spout,0,qty,0,Supplier,,,,,,
22.5.9,HYDRAULIC SERVICES,HYDRAULIC SERVICES,Basin,0,qty,0,Supplier,,,,,,
22.5.10,HYDRAULIC SERVICES,HYDRAULIC SERVICES,Pop up waste,0,qty,0,Supplier,,,,,,
22.5.11,HYDRAULIC SERVICES,HYDRAULIC SERVICES,Robe Hook,0,qty,0,Supplier,,,,,,
22.5.12,HYDRAULIC SERVICES,HYDRAULIC SERVICES,Toilet roll holder,0,qty,0,Supplier,,,,,,
22.5.13,HYDRAULIC SERVICES,HYDRAULIC SERVICES,Towel rail,0,qty,0,Supplier,,,,,,
22.5.14,HYDRAULIC SERVICES,HYDRAULIC SERVICES,Hand towel holder,0,qty,0,Supplier,,,,,,
22.6,HYDRAULIC SERVICES,HYDRAULIC SERVICES,Hot Water System,0,qty,0,Sub Contractor,,0,,No,,
22.7,HYDRAULIC SERVICES,HYDRAULIC SERVICES,Ensuite Tapware & Fixtures,0,qty,0,Supplier,,0,,No,,
22.7.1,HYDRAULIC SERVICES,HYDRAULIC SERVICES,Bath,0,lm,0,Supplier,,,,,,
22.7.2,HYDRAULIC SERVICES,HYDRAULIC SERVICES,Bath MIxer,0,qty,0,Supplier,,,,,,
22.7.3,HYDRAULIC SERVICES,HYDRAULIC SERVICES,Bath Spout,0,qty,0,Supplier,,,,,,
22.7.4,HYDRAULIC SERVICES,HYDRAULIC SERVICES,Bath Flexi Waste,0,qty,0,Supplier,,,,,,
22.7.5,HYDRAULIC SERVICES,HYDRAULIC SERVICES,Shower Mixer,0,qty,0,Supplier,,,,,,
22.7.6,HYDRAULIC SERVICES,HYDRAULIC SERVICES,Shower head/rail,0,qty,0,Supplier,,,,,,
22.7.7,HYDRAULIC SERVICES,HYDRAULIC SERVICES,Basin Mixer,0,qty,0,Supplier,,,,,,
22.7.8,HYDRAULIC SERVICES,HYDRAULIC SERVICES,Basin Spout,0,qty,0,Supplier,,,,,,
22.7.9,HYDRAULIC SERVICES,HYDRAULIC SERVICES,Basin,0,qty,0,Supplier,,,,,,
22.7.10,HYDRAULIC SERVICES,HYDRAULIC SERVICES,Pop up waste,0,qty,0,Supplier,,,,,,
22.7.11,HYDRAULIC SERVICES,HYDRAULIC SERVICES,Robe Hook,0,qty,0,Supplier,,,,,,
22.7.12,HYDRAULIC SERVICES,HYDRAULIC SERVICES,Toilet roll holder,0,qty,0,Supplier,,,,,,
22.7.13,HYDRAULIC SERVICES,HYDRAULIC SERVICES,Towel rail,0,qty,0,Supplier,,,,,,
22.7.14,HYDRAULIC SERVICES,HYDRAULIC SERVICES,Hand towel holder,0,qty,0,Supplier,,,,,,
22.8,HYDRAULIC SERVICES,HYDRAULIC SERVICES,Laundry Tapware & Fixtures,0,qty,0,Supplier,,0,,No,,
22.8.1,HYDRAULIC SERVICES,HYDRAULIC SERVICES,Laundry Sink/Tub,0,lm,0,Supplier,,,,,,
22.8.2,HYDRAULIC SERVICES,HYDRAULIC SERVICES,Laundry Mixer,0,qty,0,Supplier,,,,,,
22.8.3,HYDRAULIC SERVICES,HYDRAULIC SERVICES,Laundry Waste,0,qty,0,Supplier,,,,,,
22.8.4,HYDRAULIC SERVICES,HYDRAULIC SERVICES,Washing Machine stops,0,qty,0,Supplier,,,,,,
22.9,HYDRAULIC SERVICES,HYDRAULIC SERVICES,WC/Powder Room Tapware & Fixtures,0,qty,0,Supplier,,0,,No,,
22.9.1,HYDRAULIC SERVICES,HYDRAULIC SERVICES,Trapped Toilet,0,qty,0,Supplier,,,,,,
22.9.2,HYDRAULIC SERVICES,HYDRAULIC SERVICES,Colour Matched Flush Buttons,0,qty,0,Supplier,,,,,,
22.9.3,HYDRAULIC SERVICES,HYDRAULIC SERVICES,Toilet Roll holder,0,qty,0,Supplier,,,,,,
22.9.4,HYDRAULIC SERVICES,HYDRAULIC SERVICES,Wall Basin,0,qty,0,Supplier,,,,,,
22.9.5,HYDRAULIC SERVICES,HYDRAULIC SERVICES,Mixer,0,qty,0,Supplier,,,,,,
22.9.6,HYDRAULIC SERVICES,HYDRAULIC SERVICES,Pop up waste,0,qty,0,Supplier,,,,,,
22.10,HYDRAULIC SERVICES,HYDRAULIC SERVICES,Butler Pantry Tapware & Fixtures,0,qty,0,Supplier,,0,,No,,
22.10.1,HYDRAULIC SERVICES,HYDRAULIC SERVICES,Sink,0,lm,0,,,,,,,
22.10.2,HYDRAULIC SERVICES,HYDRAULIC SERVICES,Mixer,0,qty,0,Labour,,,,,,
22.10.3,HYDRAULIC SERVICES,HYDRAULIC SERVICES,Waste,0,qty,0,Labour,,,,,,
22.11,HYDRAULIC SERVICES,HYDRAULIC SERVICES,Pallet Delivery for Tapware & Fixtures,0,qty,120,Supplier,,0,,No,,
22.12,HYDRAULIC SERVICES,HYDRAULIC SERVICES,Kitchen Tapware & Fixtures,0,qty,0,Supplier,,0,,No,,
22.12.1,HYDRAULIC SERVICES,HYDRAULIC SERVICES,Sink,0,lm,0,,,,,,,
22.12.2,HYDRAULIC SERVICES,HYDRAULIC SERVICES,Mixer,0,qty,0,Labour,,,,,,
22.12.3,HYDRAULIC SERVICES,HYDRAULIC SERVICES,Waste,0,qty,0,Labour,,,,,,
23.1,ELECTRICAL,ELECTRICAL,Electrical Internal Take off,0,qty,0,Sub Contractor,,0,,No,,
23.1.1,ELECTRICAL,ELECTRICAL,GPO,0,qty,0,Sub Contractor,,,,,,
23.1.2,ELECTRICAL,ELECTRICAL,GPO with Switch,0,qty,0,Sub Contractor,,,,,,
23.1.3,ELECTRICAL,ELECTRICAL,GPO Single,0,qty,0,Sub Contractor,,,,,,
23.1.4,ELECTRICAL,ELECTRICAL,GPO with USB,0,qty,0,Sub Contractor,,,,,,
23.1.5,ELECTRICAL,ELECTRICAL,Pendant lvl 1,0,qty,0,Sub Contractor,,,,,,
23.1.6,ELECTRICAL,ELECTRICAL,Pendant lvl 2,0,qty,0,Sub Contractor,,,,,,
23.1.7,ELECTRICAL,ELECTRICAL,Downlight Lvl 1,0,qty,0,Sub Contractor,,,,,,
23.1.8,ELECTRICAL,ELECTRICAL,Downlight Lvl 2,0,qty,0,Sub Contractor,,,,,,
23.1.9,ELECTRICAL,ELECTRICAL,Downlight Lvl 3,0,qty,0,Sub Contractor,,,,,,
23.1.10,ELECTRICAL,ELECTRICAL,Downlight Piviot,0,qty,0,Sub Contractor,,,,,,
23.1.11,ELECTRICAL,ELECTRICAL,Fan Lvl 1,0,qty,0,Sub Contractor,,,,,,
23.1.12,ELECTRICAL,ELECTRICAL,Fan Lvl 2,0,qty,0,Sub Contractor,,,,,,
23.1.13,ELECTRICAL,ELECTRICAL,Fan Light Lvl 1,0,qty,0,Sub Contractor,,,,,,
23.1.14,ELECTRICAL,ELECTRICAL,Fan Light Lvl 2,0,qty,0,Sub Contractor,,,,,,
23.1.15,ELECTRICAL,ELECTRICAL,Exhaust fan,0,qty,0,Sub Contractor,,,,,,
23.1.16,ELECTRICAL,ELECTRICAL,IXL Lvl 1,0,qty,0,Sub Contractor,,,,,,
23.1.17,ELECTRICAL,ELECTRICAL,IXL Lvl 2,0,qty,0,Sub Contractor,,,,,,
23.1.18,ELECTRICAL,ELECTRICAL,Additions distance to duct per 6m,0,qty,0,Sub Contractor,,,,,,
23.1.19,ELECTRICAL,ELECTRICAL,Heated towel Rail,0,qty,0,Sub Contractor,,,,,,
23.1.20,ELECTRICAL,ELECTRICAL,LED Mirror,0,qty,0,Sub Contractor,,,,,,
23.1.21,ELECTRICAL,ELECTRICAL,Data point,0,qty,0,Sub Contractor,,,,,,
23.1.22,ELECTRICAL,ELECTRICAL,TV point,0,qty,0,Sub Contractor,,,,,,
23.1.23,ELECTRICAL,ELECTRICAL,Cable duct for TV,0,qty,0,Sub Contractor,,,,,,
23.1.24,ELECTRICAL,ELECTRICAL,Switch point,0,qty,0,Sub Contractor,,,,,,
23.1.25,ELECTRICAL,ELECTRICAL,2 way,0,qty,0,Sub Contractor,,,,,,
23.1.26,ELECTRICAL,ELECTRICAL,Dimmer,0,qty,0,Sub Contractor,,,,,,
23.1.27,ELECTRICAL,ELECTRICAL,Intermediate,0,qty,0,Sub Contractor,,,,,,
23.1.28,ELECTRICAL,ELECTRICAL,Smoke alarms,0,qty,0,Sub Contractor,,,,,,
23.2,ELECTRICAL,ELECTRICAL,Electrical External Take off,0,qty,0,Sub Contractor,,0,,No,,
23.2.1,ELECTRICAL,ELECTRICAL,Fan Lvl 1,0,lm,0,Sub Contractor,,,,,,
23.2.2,ELECTRICAL,ELECTRICAL,Fan Lvl 2,0,qty,0,Sub Contractor,,,,,,
23.2.3,ELECTRICAL,ELECTRICAL,Fan Light Lvl 1,0,qty,0,Sub Contractor,,,,,,
23.2.4,ELECTRICAL,ELECTRICAL,Fan Light Lvl 2,0,qty,0,Sub Contractor,,,,,,
23.2.5,ELECTRICAL,ELECTRICAL,WP GPO,0,qty,0,Sub Contractor,,,,,,
23.2.6,ELECTRICAL,ELECTRICAL,WP GPO Single,0,qty,0,Sub Contractor,,,,,,
23.2.7,ELECTRICAL,ELECTRICAL,Downlight Lvl 1,0,qty,0,Sub Contractor,,,,,,
23.2.8,ELECTRICAL,ELECTRICAL,Downlight Lvl 2,0,qty,0,Sub Contractor,,,,,,
23.2.9,ELECTRICAL,ELECTRICAL,12v Downlight,0,qty,0,Sub Contractor,,,,,,
23.2.10,ELECTRICAL,ELECTRICAL,Flood lights no sensor,0,qty,0,Sub Contractor,,,,,,
23.2.11,ELECTRICAL,ELECTRICAL,Flood light with sensor,0,qty,0,Sub Contractor,,,,,,
23.3,ELECTRICAL,ELECTRICAL,Electrical Disconnect,0,qty,0,Sub Contractor,,0,,No,,
23.4,ELECTRICAL,ELECTRICAL,Electrical Underslab,0,qty,0,Sub Contractor,,0,,No,,
23.5,ELECTRICAL,ELECTRICAL,Rough Inn,0,qty,0,,,0,,No,,
23.6,ELECTRICAL,ELECTRICAL,Electrical Make Safe before rough inn,0,qty,0,,,0,,No,,
23.7,ELECTRICAL,ELECTRICAL,Cutt out,0,qty,0,,,0,,No,,
23.8,ELECTRICAL,ELECTRICAL,Final Fit off,0,qty,0,,,0,,No,,
24.1,MECHANICAL SERVICES,MECHANICAL SERVICES,Split Systems,0,qty,0,Sub Contractor,,0,,No,,
24.2,MECHANICAL SERVICES,MECHANICAL SERVICES,Ducted AC,0,qty,0,Sub Contractor,,0,,No,,
24.3,MECHANICAL SERVICES,MECHANICAL SERVICES,Exhaust/Extraction Fans,0,qty,0,Sub Contractor,,0,,No,,
25.1,LANDSCAPING,LANDSCAPING,Turf,0,qty,0,Sub Contractor,,0,,No,,
25.2,LANDSCAPING,LANDSCAPING,Garden Beds,0,lm,0,Sub Contractor,,0,,No,,
25.3,LANDSCAPING,LANDSCAPING,Steps,0,qty,0,Sub Contractor,,0,,No,,
25.4,LANDSCAPING,LANDSCAPING,Retaining walls,0,qty,0,Sub Contractor,,0,,No,,
26.1,POOL WORKS,POOL WORKS,Pebble Crete,0,qty,0,,,0,,No,,
26.2,POOL WORKS,POOL WORKS,Pool Dig,0,lm,0,,,0,,No,,
26.3,POOL WORKS,POOL WORKS,Pool Engineering,0,qty,0,,,0,,No,,
26.4,POOL WORKS,POOL WORKS,Pool steel and pour shell,0,qty,0,,,0,,No,,
26.5,POOL WORKS,POOL WORKS,Pool Coping,0,qty,0,,,0,,No,,
26.6,POOL WORKS,POOL WORKS,Pool Fencing,0,qty,0,,,0,,No,,